ID карточки,ID товара,ISBN,Автор,Возраст,Год издания,Голоса,Издательство,Кол-во страниц,Название,Обложка,Переводчик,Редактор,Рейтинг,Серия,Тип обложки,Тираж,Формат,Художник,Цена
1002042,2607833,9785699973705,Емец Д.,12+,2017,0,Эксмо,416,Лед и пламя Тартара,,,Суворова Т.,0,Мефодий Буслаев. Легендарное детское фэнтези,Твердая бумажная,4000,21.8 x 14.5 x 2.5,,342
1004167,2608544,9785171053802,Фрай М.,18+,2017,4,АСТ,288,Новая чайная книга,,,,5,Миры Макса Фрая,Твердая бумажная,7000,20.6 x 13.2 x 2.3,,332
1004240,2608971,9785001111900,Хантер Э.,6+,2017,1,Абрис,350,Расколотый прайд,,Голосовская А.Ю.,,5,Земля Отважных,Твердая бумажная,7000,20.6 x 13 x 1.7,Насыров Л.Х.,285
1006687,2611099,9785699973712,Емец Д.,12+,2017,0,Эксмо,416,Первый эйдос,,,,0,Мефодий Буслаев. Легендарное детское фэнтези,Твердая бумажная,4000,21.2 x 13.5 x 2.3,,342
1007486,2611890,9785179827924,Фрай М.,16+,2017,14,АСТ,416,Отдай мое сердце,,,Кравченко Е.,4,Сновидения Ехо,Твердая бумажная,27000,20.7 x 13.3 x 2,,423
1008090,2612352,9785001111733,Хантер Э.,6+,2017,3,Абрис,350,Нерассказанные истории. Ярость когтя,,Вероника Максимова,,5,Коты-воители,Твердая бумажная,6000,20.7 x 13.2 x 2,,304
1008621,2612809,9785171053819,Фрай М.,18+,2018,7,АСТ,320,Новая кофейная книга,,,,4,Миры Макса Фрая,Твердая бумажная,8000,20.7 x 13.2 x 2.6,,332
1008941,2613113,9785001111528,Хантер Э.,,2017,4,Абрис,,Крутобок & Бич (комплект из 4 книг),,,,5,Коты-воители,,,18.9 x 13 x 2.6,,486
1008942,2613114,9785001110576,Хантер Э.,,2017,2,Абрис,,Звездоцап и Саша (комплект из 3 книг),,,,5,Коты-воители,,,18.9 x 12.7 x 2,,387
1008955,2613127,9785001110651,Хантер Э.,,2017,3,Абрис,,Судьба Горелого (комплект из 3 книг),,,,3,Коты-воители,,,19 x 12.6 x 2.1,,387
1008956,2613128,9785001111443,Хантер Э.,,2017,2,Абрис,,Небесное племя и незнакомец (комплект из 3 книг),,,,5,Коты-воители,,,19 x 12.8 x 2.3,,387
1009680,2613706,9785170867226,Фрай М.,16+,2017,10,АСТ,752,Чужак. Репринтное издание,,,Кравченко Е.,4,Ехо в подарок,Твердая бумажная,3000,24 x 17 x 5.3,,1017
1012908,2615724,9785179829676,Фрай М.,16+,2017,5,АСТ,1040,Сновидения Ехо: Мастер ветров и закатов. Слишком много кошмаров. Вся правда о нас. Я иду искать. Сундук мертвеца,,,,5,,Твердая бумажная,3000,26.2 x 20 x 5.5,,1252
1013465,2616266,9785001111924,Хантер Э.,,2018,1,Олма Медиагрупп,447,Полночь. Восход луны,,Максимова В.А.,,5,Коты-воители. Золотая коллекция,Твердая бумажная,3000,26.5 x 17 x 2.5,,609
1013561,2616369,9785699973729,Емец Д.,12+,2017,1,Эксмо,416,Светлые крылья для темного стража,,,"Лутикова И., Остроумова Е.",5,Мефодий Буслаев. Легендарное детское фэнтези,Твердая бумажная,3000,22 x 14.4 x 2.5,,327
1017577,2620462,9785171060824,Фрай М.,18+,2018,1,АСТ,288,"Небеsное, zлодея",,,,5,Миры Макса Фрая,Твердая бумажная,8000,20.5 x 13 x 1.8,,332
1018853,2621798,9785001112822,Хантер Э.,6+,2018,2,Абрис,318,Скрытая угроза,,Максимова Вероника,,4,Хроники Стаи,Твердая бумажная,5000,20.5 x 13 x 1.5,Егоров Сергей,304
1021715,2624233,9785171060848,Фрай М.,16+,2018,0,АСТ,352,Ворона на мосту,,,Кравченко Е.,0,Эксклюзивная новая классика,Мягкая бумажная,3000,18 x 11.5 x 2.7,,170
1026358,2628444,9785001112983,Хантер Э.,6+,2018,10,Абрис,382,Коты-воители. Время выбора,,Максимова Вероника,,5,Коты-воители,Твердая бумажная,7000,20.5 x 13 x 1.8,Насыров Леонид,304
1027390,2629406,9785699973750,Емец Д.,16+,2018,0,Эксмо,432,Лестница в Эдем,,,,0,Мефодий Буслаев. Легендарное детское фэнтези,Твердая бумажная,3000,21.9 x 14.2 x 2.7,,327
1034160,2635767,9785001111771,Хантер Э.,6+,2018,1,Абрис,479,Миссия Огнезвезда,,"Максимова В.А, Савельева Е.А, Насырова Л.Х.",,5,Коты-воители. Золотая коллекция,Твердая бумажная,3000,26.5 x 17 x 2.3,,565
1034642,2636309,9785699973767,Емец Д.,12+,2018,1,Эксмо,400,Карта хаоса,,,,5,Мефодий Буслаев. Легендарное детское фэнтези,Твердая бумажная,3000,21.8 x 14.4 x 2.4,,327
1040796,2641476,9785001113157,Хантер Э.,6+,2018,4,Абрис,382,Коты-воители. Звездная тропа,,Максимова Вероника,,3,Коты-воители,Твердая бумажная,7000,20.6 x 13.2 x 2,Насыров Леонид,304
1044041,2644279,9785699973774,Емец Д.,12+,2018,1,Эксмо,416,Ожерелье дриады,,,,5,Мефодий Буслаев. Легендарное детское фэнтези,Твердая бумажная,2500,21.9 x 14.5 x 2.4,,327
1044489,2645102,9785001113171,Хантер Э.,,2018,0,Абрис,384,Закон чести,,Голосовская А.Ю.,,0,Земля Отважных,Твердая бумажная,4500,20.7 x 13.4 x 1.9,Насырова Л.Х.,285
1051063,2652192,9785171089337,Фрай М.,16+,2018,3,АСТ,352,Сказки старого Вильнюса VII,,,,5,,Суперобложка,7000,20.7 x 13.3 x 2.1,,356
1051385,2652506,9785001113584,Хантер Э.,6+,2018,2,Абрис,320,Сны и видения Бабочки. Беглянка,,Максимова Вероника,,5,Коты-воители,Твердая бумажная,7000,20.7 x 13.1 x 1.7,,304
1051386,2652507,9785001112976,Хантер Э.,6+,2018,0,Абрис,448,Пророчество Синей Звезды,,Максимова В.А.,,0,Коты-воители. Золотая коллекция,Твердая бумажная,3000,26.7 x 17.1 x 2.3,Насыров Л.Х.,565
1056132,2656647,9785001113515,Хантер Э.,6+,2018,4,Абрис,464,Рассвет. Звездный свет,,Максимова В.А.,,4,Коты-воители. Золотая коллекция,Твердая бумажная,3000,26.6 x 17.1 x 2.5,"Савельева Е.А., Насырова Л.Х.",609
1059067,2659373,9785001113454,Хантер Э.,,2018,1,Абрис,318,Долгая ночь,,Павлова И.,,5,Хроники Стаи,Твердая бумажная,5000,20.5 x 13.2 x 1.7,Егоров С.,304
1059170,2659485,9785171089733,Фрай М.,16+,2018,20,АСТ,448,Мертвый ноль,,,,4,Сновидения Ехо,Твердая бумажная,30000,20.5 x 13 x 2.5,,375
1062116,2662062,9785699973781,Емец Д.,12+,2018,0,Эксмо,416,Стеклянный страж,,,,0,Мефодий Буслаев. Легендарное детское фэнтези,Твердая бумажная,2000,21.8 x 14.2 x 2.4,,327
1064110,2664251,9785040916658,Емец Д.,6+,2018,1,Эксмо,272,Золото скифов,,,,5,,Твердая бумажная,5000,21.8 x 14.7 x 1.8,,285
1066041,2665312,9785001113539,Хантер Э.,6+,2018,3,Абрис,320,Сны и видения Бабочки. Целительница,,Максимова Вероника,,5,Коты-воители,Твердая бумажная,7000,20.7 x 13 x 1.8,Насыров Леонид,304
1068930,2667992,9785171095802,Фрай М.,18+,2018,0,АСТ,768,Все сказки старого Вильнюса. Начало,,,,0,Макс Фрай: подарочное издание,Твердая бумажная,3000,24 x 17 x 5,,1017
1077060,2678300,9785040899456,Емец Д.,12+,2018,0,Эксмо,432,Танец меча,,,,0,Мефодий Буслаев. Легендарное детское фэнтези,Твердая бумажная,2000,21.8 x 14.4 x 2.3,,342
1077461,2677963,9785001115052,Хантер Э.,6+,2018,3,Абрис Олма,382,Нерассказанные истории. Месть Кленовницы,,Максимова В.,,5,Коты-воители,Твердая бумажная,7000,20.6 x 13 x 2,Насыров Л.,302
1077741,2679748,9785001114178,Хантер Э.,6+,2018,1,Абрис Олма,447,Сумерки. Закат,,Максимова В.А.,,5,Коты-воители. Золотая коллекция,Твердая бумажная,3000,26.6 x 17.1 x 2.6,"Савельева Е.А., Насырова Л.Х.",585
1085970,2689500,9785171121945,Фрай М.,,2018,1,АСТ,352,Тяжелый свет Куртейна. Синий,,,,5,Другая сторона,,,,,374
1086610,2688299,9785001115090,Хантер Э.,6+,2019,0,Абрис,447,Тайна Щербатой,,Максимова В.А.,,0,Коты-воители. Золотая коллекция,Твердая бумажная,3000,26.5 x 17 x 2.4,Насыров Л.Х.,609
244296,1400705,9785367009781,Фрай М.,,2009,0,"Амфора, ООО",478,"Книга для таких, как я",,,,0,ФРАМ,Твердая бумажная,4000,20.5 x 13.2 x 3,,
245728,1665067,9785942783372,Фрай М.,,2010,0,"Амфора, ООО",606,Волонтеры вечности,,,,0,,Твердая бумажная,3000,20.7 x 13.8 x 3.8,,
246061,1668112,9785699110018,Емец Д.,,2003,0,Эксмо-Пресс,384,Таня Гроттер и Золотая Пиявка,,,,0,Таня Гроттер,Твердая бумажная,,20.6 x 13.5 x 2.3,,
246246,1801350,5942783535,Фрай М.,,2003,0,"Амфора, ООО",350,Простые волшебные вещи,,,,0,Лабиринты Эхо,Твердая бумажная,,20.8 x 13.7 x 2.3,,
246247,1801351,9785367016239,Фрай М.,,2009,0,"Амфора, ООО",367,Темная сторона,,,,0,Лабиринты Ехо,Твердая бумажная,3000,20.6 x 13.5 x 2.3,,
246533,1804075,9785942783600,Фрай М.,12+,2013,0,"Амфора, ООО",639,Чужак,,,,0,Лабиринты Ехо,Твердая бумажная,3000,20.7 x 13.6 x 4.1,,
246749,1806167,9785942783877,Фрай М.,12+,2013,0,"Амфора, ООО",590,Болтливый мертвец,,,Стукалина Марина,0,Лабиринты Эхо,Твердая бумажная,2000,20.7 x 13.8 x 3.9,,367
246913,1807965,9785367003390,Фрай М.,,2003,0,"Амфора, ООО",350,Власть несбывшегося,,,,0,,Твердая бумажная,,20.6 x 13.6 x 2.3,,322
246914,1807966,9785942783884,Фрай М.,12+,2009,0,"Амфора, ООО",383,Наваждения,,,,0,Лабиринты Ехо,Твердая бумажная,5000,20.6 x 13.7 x 2.5,,427
247198,1810879,9785367004069,Фрай М.,,2003,0,"Амфора, ООО",557,Гнезда Химер Хроники Овётганны,,,,0,,Твердая бумажная,,20.7 x 13.8 x 3.4,,
247199,1810880,9785942782429,Фрай М.,,2006,0,"Амфора, ООО",559,Гнезда Химер Хроники Хугайды,,,,0,Лабиринты Ехо,Твердая бумажная,5000,20.6 x 13.7 x 3.5,,
247200,1810881,9785367003406,Фрай М.,,2009,0,"Амфора, ООО",398,Лабиринт Менина,,,,0,Лабиринты Ехо,Твердая бумажная,3000,20.6 x 13.5 x 2.5,,
247406,1813266,9785942784362,Фрай М.,,2003,0,"Амфора, ООО",423/415,Мой Рагнарек,,,,0,,Твердая бумажная,,20.7 x 13.5 x 2.5,,427
248191,1881356,9785699102396,Емец Д.,,2003,0,Эксмо-Пресс,432,Таня Гроттер и молот Перуна,,,,0,Таня Гроттер,Твердая бумажная,,20.7 x 13.3 x 2.2,,
248397,1884701,5699038590,Емец Д.,,2003,0,Эксмо-Пресс,320,Пират против всей галактики,,,,0,От создателя Тани Гроттер,Твердая глянцевая,,,,
248903,1890629,9785367011777,Фрай М.,,2009,0,"Амфора, ООО",446,Жалобная книга Фрай,,,Жаворонок Светлана,0,,Твердая бумажная,,20.6 x 13.5 x 2.8,,
249381,1895169,9785699104062,Емец Д.,,2003,0,Эксмо-Пресс,416,Таня Гроттер и пенсне Ноя,,,,0,Таня Гроттер,Твердая бумажная,,20.7 x 13.5 x 2.5,,
249852,1898410,9785373002325,Хантер Э.,,2004,0,Олма-Пресс,318,Лес секретов,,,,0,Коты-воители,Твердая бумажная,,20.7 x 13.6 x 1.7,,
253163,2288153,9785699510672,Емец Д.,,2011,0,Эксмо,144,Дракончик Пыхалка Приключения начинаются,,,Кузнецова Т.,0,,Твердая бумажная,,25 x 23 x 1,Тимофеева Виктория,
253620,2289106,9785981245497,Фрай М.,,2011,0,Добрая книга,160,Искусство цифровой пейзажной фотографии,,,,0,,Мягкая бумажная,,21 x 23.5 x 1.5,,958
256186,2293081,9785367020984,Фрай М.,,2011,0,"Амфора, ООО",606,Волонтеры вечности,,,Стукалина Марина,0,лабиринты ехо,Твердая глянцевая,,20.5 x 13.5 x 4,,367
257088,2295393,9785699524914,Емец Д.,,2011,0,Эксмо,352,Мутантики,,,Суворова Т.,0,Фантастические приключения,Твердая глянцевая,,20.5 x 13 x 2.5,,
257819,2296353,9785699534562,Емец Д.,,2011,1,Эксмо,416,Мефодий Буслаев Огненные врата,,,Суворова Т.,5,Мефодий Буслаев,Твердая глянцевая,,20.5 x 13 x 3,,303
259037,2297888,9785367021240,Фрай М.,,2011,0,"Амфора, ООО",350,Простые волшебные вещи,,,Стукалина Марина,0,Лабиринты Ехо,Твердая глянцевая,,20.5 x 17.4 x 2.5,,362
259044,2297895,9785699462452,Емец Д.,,2011,0,Эксмо,224,Дракончик Пыхалка и Великий Мымрик,,,Суворова Т.,0,,Твердая бумажная,,26 x 20.5 x 1.5,Тимофеева В.,
259639,2298695,9785699529049,Емец Д.,,2011,0,Эксмо,352,Королева мутантиков,,,Суворова Т.,0,Фантастические приключения,Твердая глянцевая,,21.7 x 15 x 4.3,,175
259751,2298896,9785367020908,Фрай М.,,2012,0,"Амфора, ООО",415,Дар Шаванахолы История рассказанная сэром Максом из Ехо,,,Суворова Елена,0,Хроники Ехо,Твердая бумажная,,20.6 x 13.5 x 2.6,,392
259790,2298982,9785367021271,Фрай М.,,2012,0,"Амфора, ООО",383,Темная сторона,,,Стукалина Марина,0,Лабиринты Ехо,Твердая глянцевая,,21 x 13.5 x 2.6,,427
261761,2302338,9785699542413,Емец Д.,,2012,0,Эксмо,320,Тайна Звездного странника,,,Суворова Т.,0,Фантастические приключения,Твердая глянцевая,,20.5 x 12.8 x 1.9,,
263775,2305356,9785699551002,Емец Д.,,2012,0,Эксмо,320,Сердце пирата,,,Суворова Т.,0,Фантастические приключения,Твердая глянцевая,,20.5 x 13.2 x 2.1,,
264885,2306932,9785699548484,Емец Д.,,2012,0,Эксмо,280,Дракончик Пыхалка,,,Суворова Т.,0,,Твердая бумажная,,26 x 20.5 x 1.8,Тимофеева Виктория,
265967,2308403,9785699556502,Емец Д.,,2012,0,Эксмо,352,Гладиатор забытых созвездий,,,Суворова Т.,0,Фантастические приключения,Твердая глянцевая,,20.5 x 13 x 1.8,,
266507,2309102,9785367021738,Фрай М.,,2012,0,"Амфора, ООО",308,Первая линия,,,Суворова Елена,0,,Твердая бумажная,,20.5 x 13 x 1.8,,
266508,2309103,9785367021752,Фрай М.,,2012,0,"Амфора, ООО",351,Вторая линия,,,Суворова Елена,0,,Твердая бумажная,,20.5 x 13 x 2,,
267161,2310019,9785699551330,Емец Д.,,2012,2,Эксмо,384,Таня Гроттер и птица титанов,,,Суворова Т.,5,Таня Гроттер,Твердая бумажная,30100,20.5 x 13 x 2.5,,
267275,2310169,9785699553211,Емец Д.,,2012,0,Эксмо,192,Дракончик Пыхалка. Приключения в Сказочной стране,,,Суворова Т.,0,,Твердая бумажная,6000,24.5 x 22.5 x 1.4,Тимофеева Виктория,
268263,2311993,9785367022209,Фрай М.,,2012,0,"Амфора, ООО",384,Сказки старого Вильнюса. Том 1,,,Суворова Елена,0,,Твердая бумажная,11052,22 x 14 x 2.5,,
268288,2312033,9785699559336,Емец Д.,,2012,0,Эксмо,320,Пират против всей галактики,,,Суворова Т.,0,Фантастические приключения,Твердая глянцевая,3000,20.6 x 13.4 x 2,,
268487,2312310,9785699551309,Емец Д.,,2012,0,Эксмо,280,Приключения домовят,,,Суворова Т.,0,,Твердая бумажная,4000,26.5 x 20.5 x 2.5,Тимофеева В.,
268960,2312946,9785699551286,Емец Д.,,2012,0,Эксмо,432,Таня Гроттер и молот Перуна,,,Суворова Т.,0,Таня Гроттер,Твердая бумажная,3100,20.7 x 13 x 3,,
268961,2312947,9785699551255,Емец Д.,,2012,0,Эксмо,416,Таня Гроттер и посох волхвов,,,Суворова Т.,0,Таня Гроттер,Твердая бумажная,3100,20.7 x 13 x 3,,
270846,2024870,9785699082346,Емец Д.,,2004,2,Эксмо,416,Мефодий Буслаев Маг полуночи,,,,5,Мефодий Буслаев,Твердая глянцевая,,20.5 x 13.2 x 3.2,,
270861,2024932,9785367008876,Фрай М.,,2009,0,"Амфора, ООО",382,Сказки и истории,,,,0,ФРАМ,Твердая бумажная,,20.5 x 13.3 x 2.2,,
271107,2026259,9785367013283,Фрай М.,12+,2014,1,"Амфора, ООО",414,Энциклопедия мифов т.1,,,,5,ФРАМ,Твердая бумажная,,20.5 x 13 x 2.5,,499
271108,2026260,9785942785901,Фрай М.,12+,2014,1,"Амфора, ООО",336,Энциклопедия мифов т.2,,,,5,ФРАМ,Твердая бумажная,3000,20.7 x 13.5 x 2.4,,475
271127,2026387,5699069623,Емец Д.,,2004,0,Эксмо,352,Мутантики,,,,0,Любимые книги Тани Гроттер,Твердая глянцевая,,,,
271602,2029407,569907581x,Емец Д.,,2004,0,Эксмо,352,Королева мутантиков,,,,0,Любимые книги Тани Гроттер,Твердая глянцевая,,,,
272217,2033116,5699076603,Емец Д.,,2004,0,Эксмо,384,Заступники земли Русской,,,,0,Любимые книги Тани Гроттер,Твердая глянцевая,,,,
272859,2036407,9785942786953,Фрай М.,,2012,0,"Амфора, ООО",383,Хроники Ехо Чуб Земли,,,,0,Хроники Ехо,Твердая бумажная,3000,20.7 x 13.6 x 2.3,,362
274059,2041889,9785699101986,Емец Д.,12+,2005,0,Эксмо,416,Мефодий Буслаев Свиток желаний,,,,0,Мефодий Буслаев,Твердая глянцевая,,20.7 x 13.2 x 2.5,,
274241,2042702,5699076816,Емец Д.,,2005,0,Эксмо,320,Черная-черная простыня,,,,0,Любимые книги Тани Гроттер,Твердая глянцевая,,,,
274315,2042986,5699100504,Емец Д.,,2005,0,Эксмо,320,НЛО прибывает по расписанию,,,,0,Любимые книги Тани Гроттер,Твердая глянцевая,,,,
274326,2043039,9785373010276,Хантер Э.,,2005,0,Олма-Пресс,348,Новое пророчество Кн.1 Полночь,,,,0,Коты-воители,Твердая бумажная,,20.7 x 13.7 x 1.9,,
274724,2044859,9785367004960,Фрай М.,,2005,0,"Амфора, ООО",350,Простые волшебные вещи,,,,0,Лабиринты Ехо,Твердая бумажная,,20.7 x 13.4 x 2.3,,
274979,2045969,9785367021561,Фрай М.,,2009,0,"Амфора, ООО",316,Хроники Ехо 2 Властелин Морморы,,,,0,,Твердая бумажная,,20.7 x 13.4 x 2.1,,427
275093,2046556,9785373010337,Хантер Э.,,2005,0,Олма-Пресс,352,Новое пророчество Кн.2 Восход луны,,,,0,Коты-воители,Твердая бумажная,,,,
275812,2049818,9785699119035,Емец Д.,,2005,0,Эксмо,432,Таня Гроттер и локон Афродиты,,,,0,,Твердая бумажная,,20.8 x 13.4 x 2.5,,
278015,2058586,9785373002332,Хантер Э.,,2005,0,Олма-Пресс,384,Новое пророчество Кн.3 Рассвет,,,,0,Коты-воители,Твердая бумажная,,,,
278353,2060122,9785699136216,Емец Д.,12+,2005,0,Эксмо,416,Мефодий Буслаев Третий всадник мрака,,,Рубис О.,0,Мефодий Буслаев,Твердая глянцевая,,20.9 x 13.5 x 2.4,,
280147,2066840,5699134409,Емец Д.,,2005,0,Эксмо,304,Пришельцы из холодильника,,,,0,Любимые книги Тани Гроттер,Твердая глянцевая,,,,
280462,2067995,9785367021622,Фрай М.,,2013,0,"Амфора, ООО",318,Неуловимый Хабба Хэн,,,,0,Хроники Ехо,Твердая бумажная,,20.9 x 13.6 x 2,,427
282313,2074494,9785699145522,Емец Д.,,2006,0,Эксмо,416,Мефодий Буслаев Билет на Лысую гору,,,,0,Мефодий Буслаев,Твердая глянцевая,,20.7 x 13.3 x 2.9,,
284263,2081203,9785699161546,Емец Д.,,2006,0,Эксмо,416,Мефодий Буслаев Месть валькирий,,,Рубис О.,0,Мефодий Буслаев,Твердая глянцевая,,20.8 x 13.5 x 2.7,,284
286345,2087495,9785699272334,Емец Д.,,2006,0,Эксмо,416,Таня Гроттер и перстень с жемчужиной,,,,0,Таня Гроттер,Твердая бумажная,,20.8 x 13.5 x 3,,
287737,2091737,9785373005579,Хантер Э.,,2006,0,Олма-Пресс,319,Сумерки,,,,0,Коты-воители,Твердая бумажная,,,,
289861,2097728,9785699185924,Емец Д.,,2006,0,Эксмо,416,Мефодий Буслаев Тайная магия Депресняка,,,,0,Мефодий Буслаев,Твердая глянцевая,,20.7 x 13.5 x 2.7,,
291153,2105433,9785367021615,Фрай М.,,2006,0,"Амфора, ООО",334,Хроники Ехо 4 Ворона на мосту…,,,,0,Хроники Ехо,Твердая бумажная,,20.7 x 13.5 x 2.2,,441
291593,2110293,9785699201693,Емец Д.,,2007,0,Эксмо,416,Мефодий Буслаев Лед и пламя Тартара,,,Рубис О.,0,Мефодий Буслаев,Твердая глянцевая,,20.6 x 13.2 x 2.6,,303
292170,2120508,9785367004373,Фрай М.,,2007,0,"Амфора, ООО",479,Русские инородные сказки 5 Антология,,,,0,ФРАМ,Твердая бумажная,,20.7 x 13.6 x 3,,
292318,2122703,9785699219230,Емец Д.,,2007,0,Эксмо,416,Таня Гроттер и проклятие некромага,,,,0,Таня Гроттер,Твердая бумажная,,20.7 x 13.1 x 2.8,,
292872,2132505,9785699232987,Емец Д.,,2007,0,Эксмо,416,Мефодий Буслаев Первый эйдос,,,Рубис О.,0,Мефодий Буслаев,Твердая глянцевая,,20.7 x 13.3 x 2.5,,
293201,2139299,9785699246212,Емец Д.,,2007,1,Эксмо,416,Мефодий Буслаев Светлые крылья для темного стража,,,Рубис О.,5,Мефодий Буслаев,Твердая глянцевая,,20.7 x 13.4 x 3,,303
293276,2141867,9785367021608,Фрай М.,12+,2007,0,"Амфора, ООО",382,Хроники Ехо 5 Горе господина Гро...,,,,0,Хроники Ехо,Твердая бумажная,,20.8 x 13.7 x 2.3,,441
293953,2155685,9785699268399,Емец Д.,,2008,0,Эксмо,352,Таня Гроттер и болтливый сфинкс,,,Рубис О.,0,Таня Гроттер,Твердая глянцевая,,21 x 13.3 x 2.8,,
294153,2161630,9785699280643,Емец Д.,,2008,0,Эксмо,416,Мефодий Буслаев Лестница в Эдем,,,,0,Мефодий Буслаев,Твердая глянцевая,,20.5 x 13.5 x 3.1,,
294246,2163430,9785699280988,Емец Д.,,2008,0,Эксмо,384,Заступники земли Русской,,,,0,Волшебные миры Дмитрия Емца,Твердая бумажная,,20.7 x 13.5 x 2.4,,
294475,2164771,9785699285792,Емец Д.,,2008,0,Эксмо,416,Таня Гроттер и проклятие некромага,,,,0,Таня Гроттер,Твердая глянцевая,,20.8 x 13.5 x 3,,
294509,2164869,9785699406517,Емец Д.,,2008,0,Эксмо,432,Таня Гроттер и локон Афродиты,,,Кузнецова Т.,0,Таня Гроттер,Твердая глянцевая,,21 x 13 x 3.2,,
294512,2164881,9785699289455,Емец Д.,,2008,0,Эксмо,320,Черная-черная простыня,,,,0,Волшебные миры Дмитрия Емца,Твердая бумажная,,20.8 x 13.5 x 2.3,,
294660,2165862,9785699285785,Емец Д.,,2008,0,Эксмо,432,Таня Гроттер и молот Перуна,,,,0,Таня Гроттер,Твердая глянцевая,,21 x 13 x 3.2,,
294727,2166390,9785699293728,Емец Д.,,2008,0,Эксмо,416,Таня Гроттер и ботинки кентавра,,,,0,Таня Гроттер,Твердая глянцевая,,20.7 x 13.3 x 3.2,,
294924,2167434,9785699293742,Емец Д.,,2008,0,Эксмо,432,Таня Гроттер и колодец Посейдона,,,,0,Таня Гроттер,Твердая глянцевая,,20.9 x 13.5 x 3.3,,
295378,2170913,9785699298396,Емец Д.,,2008,1,Эксмо,356,Таня Гроттер и полный Тибидохс,,,,5,Таня Гроттер,Твердая глянцевая,,20.9 x 13.4 x 2.2,,
295567,2172355,9785699300549,Емец Д.,,2008,0,Эксмо,320,Большая книга ужасов 7 Черная-черная простыня,,,,0,Большая книга ужасов,Твердая глянцевая,,21 x 14.8 x 2,,
295928,2175318,9785699315864,Емец Д.,,2008,0,Эксмо,416,Мефодий Буслаев Карта Хаоса,,,,0,Мефодий Буслаев,Твердая глянцевая,,20.7 x 13.6 x 3.4,,
296004,2177370,9785373023047,Хантер Э.,,2008,0,Олма Медиагрупп,320,Темная река,,,,0,Коты-воители,Твердая бумажная,,20.7 x 13.4 x 1.7,,
296766,2184676,9785367008821,Фрай М.,,2009,0,"Амфора, ООО",478,Ключ из желтого металла,,,,0,ФРАМ,Твердая бумажная,,21 x 13.5 x 3,,322
297029,2191046,9785699327027,Емец Д.,,2009,0,Эксмо,384,Мефодий Буслаев Ожерелье дриады,,,,0,Мефодий Буслаев,Твердая глянцевая,85100,20.6 x 13.5 x 3,,303
297142,2192015,9785699291885,Емец Д.,6+,2013,0,Эксмо,280,Дракончик Пыхалка,,,Кузнецова Т.,0,,Твердая бумажная,5000,26.5 x 20.6 x 2.3,Тимофеева Виктория,
297839,2201144,9785699350773,Емец Д.,,2009,0,Эксмо,352,Мефодий Буслаев Стеклянный страж,,,,0,Мефодий Буслаев,Твердая глянцевая,,20.5 x 13.5 x 2.7,,
298092,2204172,9785373024600,Хантер Э.,6+,2017,0,Олма Медиагрупп,318,Полночь,,Максимова Вероника,,0,Коты-воители,Твердая бумажная,4000,20.7 x 13.2 x 2.1,Насыров Леонид,304
298188,2204519,9785699349340,Емец Д.,,2009,0,Эксмо,544,Таня Гроттер и Золотая Пиявка Таня Гроттер и трон Древнира,,,,0,Большая книга Тани Гроттер,Твердая глянцевая,,22 x 14.6 x 3.8,,
298552,2205593,9785699362189,Емец Д.,,2009,0,Эксмо,352,Галактический зверинец НЛО прибывает по расписанию,,,,0,Большая книга фантастических приключений,Твердая бумажная,,22 x 14.8 x 2.5,,
298660,2205885,9785699362165,Емец Д.,,2009,0,Эксмо,544,Таня Гроттер и посох волхвов Таня Гроттер и молот Перуна,,,,0,Большая книга Тани Гроттер,Твердая глянцевая,,22 x 15 x 3.2,,
298717,2206118,9785373024440,Хантер Э.,6+,2017,3,Олма Медиагрупп,349,Знак трех,,,Максимова Вероника,5,Коты-воители,Твердая бумажная,5000,20.6 x 13.5 x 2.4,Насыров Леонид,304
299813,2210020,9785699367818,Емец Д.,,2009,0,Эксмо,544,Таня Гроттер и пенсне Ноя Таня Гроттер и ботинки кентавра,,,,0,Большая книга Тани Гроттер,Твердая глянцевая,,22 x 14.6 x 3.5,,
300551,2214247,9785367011593,Фрай М.,,2009,4,"Амфора, ООО",511,Большая телега,,,Жаворонок Светлана,3,ФРАМ,Твердая бумажная,,20.6 x 13.6 x 3.2,,360
300799,2215271,9785367021585,Фрай М.,,2009,0,"Амфора, ООО",221,Туланский детектив,,,,0,Хроники Ехо,Мягкая глянцевая,,18.1 x 12 x 1.4,,133
301879,2216824,9785367011418,Фрай М.,12+,2013,2,"Амфора, ООО",351,Властелин Морморы,,,,5,Хроники Ехо,Мягкая глянцевая,3000,18.1 x 11.8 x 1.7,,142
302429,2217551,9785373023818,Хантер Э.,6+,2017,1,Олма Медиагрупп,320,Длинные тени,,Максимова В.А.,,5,Коты-воители,Твердая бумажная,3000,20.8 x 13.5 x 1.8,Насыров Л.Х.,285
302904,2218664,9785367023763,Фрай М.,,2009,0,"Амфора, ООО",383,Неуловимый Хабба Хэн,,,Жаворонок Светлана,0,Хроники Ехо,Мягкая глянцевая,,18.1 x 11.9 x 1.5,,149
305522,2222891,9785367024760,Фрай М.,,2009,0,"Амфора, ООО",446,Жалобная книга,,,,0,ФРАМ,Мягкая глянцевая,,18 x 12 x 1.8,,
305523,2222892,9785367011890,Фрай М.,12+,2013,1,"Амфора, ООО",414,Горе господина Гро,,,,5,Хроники Ехо,Мягкая глянцевая,3000,18 x 12 x 1.6,,154
307053,2225048,9785373030793,Хантер Э.,,2010,0,Олма Медиагрупп,352,Медвежье озеро,,Максимова Вероника,Корчагина Ольга,0,Странники,Твердая бумажная,,20.6 x 13.5 x 2,Насыров Леонид,
309851,2228936,9785367011425,Фрай М.,12+,2013,0,"Амфора, ООО",383,Ворона на мосту,,,,0,Хроники Ехо,Мягкая глянцевая,,18 x 12 x 1.5,,142
310895,2230295,9785367024036,Фрай М.,,2010,0,"Амфора, ООО",510,Ключ из желтого металла,,,,0,ФРАМ,Мягкая глянцевая,,18 x 12.5 x 2,,
310896,2230296,9785367012330,Фрай М.,,2010,0,"Амфора, ООО",383,Одна и та же книга,,,Жаворонок Светлана,0,ФРАМ,Твердая бумажная,,21 x 13.5 x 2.8,,427
312706,2232454,9785367013054,Фрай М.,,2010,1,"Амфора, ООО",509,Живые и прочие 41 лучший рассказ 2009 года,,,,5,ФРАМ,Твердая бумажная,,20.7 x 14 x 3.5,,
313050,2233000,9785699391059,Емец Д.,,2010,3,Эксмо,384,Шныр Пегас лев и кентавр,,,Кузнецова Т.,5,Таня Гроттер,Твердая глянцевая,,21 x 13.5 x 2.5,Тимофеева В.,
313111,2233073,9785373031585,Хантер Э.,,2017,3,Олма Медиагрупп,352,Восход солнца,,Максимова Вероника,,4,Коты-воители,Твердая бумажная,4000,21 x 13.5 x 2.1,Насыров Леонид,304
315896,2237017,9785373031349,Хантер Э.,,2017,1,Олма Медиагрупп,192,Герои племени Путеводитель по серии Коты-воители,,Максимова Вероника,Корчагина Ольга,5,Коты-воители,Твердая глянцевая,3000,24.5 x 17 x 1.8,Насыров Леонид,530
316424,2237734,9785699418879,Емец Д.,,2010,0,Эксмо,352,Таня Гроттер и болтливый сфинкс,,,Кузнецова Т.,0,Таня Гроттер,Твердая бумажная,,20.5 x 13.5 x 2.5,,
317381,2239314,9785699335619,Емец Д.,,2010,0,Эксмо,352,Дракончик Пыхалка,,,Кузнецова Т.,0,,Твердая бумажная,,24.3 x 17 x 2.4,,
317487,2239500,9785373034791,Хантер Э.,,2010,0,Олма Медиагрупп,320,Дымная гора,,Максимова Вероника,Корчагина Ольга,0,Странники,Твердая бумажная,,21 x 13.5 x 1.9,Насыров Леонид,
320102,2243443,9785699366156,Емец Д.,,2010,0,Эксмо,280,Приключения домовят,,,Кузнецова Т.,0,,Твердая глянцевая,,26.5 x 20.5 x 2.5,Тимофеева В.,
323381,2248312,9785367012392,Фрай М.,,2010,0,"Амфора, ООО",254,Идеальный роман,,,Суворова Елена,0,ФРАМ,Мягкая глянцевая,,18 x 11.5 x 1.5,,
324455,2249656,9785367015782,Фрай М.,,2010,0,"Амфора, ООО",351,Обжора-хохотун История рассказанная сэром Мелифаро,,,,0,Хроники Ехо,Твердая бумажная,,21 x 13.5 x 2.5,,441
326465,2252399,9785373037518,Хантер Э.,6+,2010,2,Олма Медиагрупп,,Комикс Крутобок & Бич,,,,5,Коты-воители,Мягкая глянцевая,,19.1 x 12.8 x 2.5,,
326765,2252769,9785699446285,Емец Д.,,2010,1,Эксмо,368,Мефодий Буслаев Маг полуночи,,,Кузнецова Т.,5,Таня Гроттер&Мефодий Буслаев,Мягкая бумажная,,21 x 16.3 x 2.3,,
327708,2254143,9785699426546,Емец Д.,,2010,1,Эксмо,384,У входа нет выхода,,,Кузнецова Т.,5,Школа ныряльщиков (Шныр),Твердая бумажная,,21 x 13.3 x 2.8,,287
327925,2254732,9785699448524,Емец Д.,,2010,0,Эксмо,352,Мефодий Буслаев Свиток желаний,,,Кузнецова Т.,0,Таня Гроттер&Мефодий Буслаев,Мягкая бумажная,,21 x 16.3 x 2.3,,
327972,2254815,9785373038171,Хантер Э.,,2017,1,Просвещение,320,Пророчество Синей Звезды Начало,,Максимова Вероника,,5,Коты-воители,Твердая бумажная,3000,20.7 x 13.3 x 1.8,Насыров Леонид,285
330801,2259410,9785699456970,Емец Д.,,2010,0,Эксмо,280,Приключения домовят,,,Кузнецова Т.,0,,Твердая бумажная,,26.5 x 20.6 x 2.2,Тимофеева В.,
331049,2259726,9785373037587,Хантер Э.,6+,2017,0,Олма Медиагрупп,317,Пророчество Синей Звезды Выбор,,Максимова Вероника,,0,Коты-воители,Твердая бумажная,3000,20.7 x 13.5 x 2,Насыров Леонид,304
332181,2261631,9785699461615,Емец Д.,,2011,1,Эксмо,352,Мефодий Буслаев Билет на Лысую Гору,,,Кузнецова Т.,4,Таня Гроттер&Мефодий Буслаев,Мягкая бумажная,,21 x 16.3 x 2.3,,198
332377,2261974,9785699462094,Емец Д.,,2011,0,Эксмо,160,Черная-черная простыня,,,Кузнецова Т.,0,Лучшая книга ужасов,Твердая бумажная,,18.5 x 13.5 x 1.5,,
333663,2263800,9785699465651,Емец Д.,,2011,0,Эксмо,352,Таня Гроттер и магический контрабас,,,Кузнецова Т.,0,Таня Гроттер&Мефодий Буслаев,Мягкая бумажная,,21 x 16.5 x 2.2,,
333965,2264147,9785699465668,Емец Д.,,2011,0,Эксмо,352,Мефодий Буслаев Светлые крылья для темного стража,,,Кузнецова Т.,0,Таня Гроттер&Мефодий Буслаев,Мягкая бумажная,,21.1 x 16.3 x 2.1,,
334853,2265331,9785699472277,Емец Д.,,2011,0,Эксмо,352,Мефодий Буслаев Лестница в Эдем,,,Кузнецова Т.,0,Таня Гроттер&Мефодий Буслаев,Мягкая бумажная,,21 x 16.5 x 2,,
335514,2266184,9785699444083,Емец Д.,,2011,0,Эксмо,352,Таня Гроттер и Исчезающий Этаж,,,Кузнецова Т.,0,Таня Гроттер&Мефодий Буслаев,Мягкая бумажная,,21 x 16.5 x 2,,
335655,2266342,9785699475452,Емец Д.,,2011,0,Эксмо,384,Мефодий Буслаев Танец меча,,,Кузнецова Т.,0,Мефодий Буслаев,Твердая глянцевая,,20.5 x 13.5 x 2.5,,303
336867,2267967,9785373038928,Хантер Э.,,2011,1,Олма Медиагрупп,320,Последняя глушь,,Максимова Вероника,,5,Странники,Твердая бумажная,,20.9 x 13.7 x 1.7,Насыров Леонид,
338788,2270800,9785699478552,Емец Д.,,2011,0,Эксмо,352,Таня Гроттер и Золотая Пиявка,,,Кузнецова Т.,0,Таня Гроттер&Мефодий Буслаев,Мягкая бумажная,,21 x 16.2 x 2.3,,
339823,2272190,9785373039758,Хантер Э.,,2017,1,Олма Медиагрупп,320,Четвертый оруженосец,,Максимова Вероника,,5,Коты-воители,Твердая бумажная,4000,20.5 x 13.5 x 1.5,Насыров Леонид,304
342442,2276231,9785699488117,Емец Д.,,2011,0,Эксмо,352,Таня Гроттер и трон Древнира,,,Кузнецова Т.,0,Таня Гроттер&Мефодий Буслаев,Мягкая бумажная,,21 x 16.5 x 2.4,,
343357,2277428,9785373041324,Хантер Э.,,2011,2,Олма Медиагрупп,,Комикс Звездоцап и Саша,,,,5,Коты-воители,Мягкая глянцевая,,19 x 13 x 2.2,,340
347066,2282957,9785699492558,Емец Д.,,2011,0,Эксмо,288,Приключения домовят,,,Кузнецова Т.,0,,Твердая глянцевая,,24.3 x 17 x 2.3,Тимофеева В.,
347723,2283918,9785699494309,Емец Д.,,2011,1,Эксмо,384,Мост в чужую мечту,,,Суворова Т.,5,Школа ныряльщиков (Шныр),Твердая бумажная,,20.8 x 13.5 x 2.2,,
349219,2286071,9785373012355,Хантер Э.,,2017,1,Олма Медиагрупп,352,Долгое эхо,,Максимова Вероника,,5,Коты-воители,Твердая бумажная,4000,20.5 x 13.5 x 2,Насыров Леонид,304
350170,2314973,9785367022308,Фрай М.,,2012,0,"Амфора, ООО",398,Лабиринт Менина,,,Жаворонок Светлана,0,Лабиринты Ехо,Твердая глянцевая,3000,20.5 x 13 x 2.2,,362
350534,2315376,9785699556045,Емец Д.,,2012,0,Эксмо,416,Таня Гроттер и ботинки кентавра,,,Суворова Т.,0,Таня Гроттер,Твердая бумажная,3000,20.5 x 13 x 2.2,,277
350550,2315392,9785373045698,Хантер Э.,,2018,1,Олма Медиагрупп,352,Миссия Огнезвезда. Искупление. В двух книгах. Книга I,,Максимова Вероника,Корчагина Ольга,5,Коты-воители,Твердая бумажная,12000,20.5 x 13 x 1.6,Насыров Леонид,304
350828,2315643,9785699568260,Емец Д.,,2012,0,Эксмо,352,Планета Черного Императора,,,Суворова Т.,0,Фантастические приключения,Твердая глянцевая,3000,20.5 x 13 x 1.8,,
351635,2316615,9785373045971,Хантер Э.,,2018,3,Олма Медиагрупп,320,Миссия Огнезвезда. Возрождение,,Максимова Вероника,Корчагина Ольга,3,Коты-воители,Твердая бумажная,8000,20.5 x 13 x 1.4,Насыров Л. Х.,285
353342,2197091,9785373024365,Хантер Э.,6+,2017,2,Просвещение,349,Битва за лес,,Максимова Вероника,,5,Коты-воители,Твердая бумажная,5000,21 x 13 x 2.2,Насыров Леонид,304
353398,2200901,9785373024648,Хантер Э.,6+,2017,0,Олма Медиагрупп,318,Темная река,,Максимова Вероника,,0,Коты-воители,Твердая бумажная,4000,21 x 13.2 x 2.1,Насыров Леонид,304
353399,2200902,9785373024587,Хантер Э.,,2017,0,Олма Медиагрупп,350,Отверженные,,Максимова В.А.,,0,Коты-воители,Твердая бумажная,2000,21 x 13.2 x 2.3,,285
353400,2200903,9785373025379,Хантер Э.,,2016,2,Олма Медиагрупп,320,Закат,,Максимова Вероника,,5,Коты-воители,Твердая бумажная,4000,21 x 13.2 x 2,Насыров Леонид,304
353445,2204171,9785373024624,Хантер Э.,6+,2017,1,Абрис,349,Рассвет,,,,5,Коты-воители,Твердая бумажная,3000,20.8 x 13.3 x 2.2,,304
353446,2204173,9785373025393,Хантер Э.,6+,2017,1,Просвещение,318,Звездный свет,,Максимова Вероника,,5,Коты-воители,Твердая бумажная,3000,20.6 x 13.3 x 2,Насыров Леонид,304
353447,2204174,9785373024709,Хантер Э.,,2017,0,Олма Медиагрупп,320,Сумерки,,Максимова Вероника,,0,Коты-воители,Твердая бумажная,4000,20.6 x 13.3 x 2,Насыров Леонид,304
353710,2311912,9785367021349,Фрай М.,,2012,1,"Амфора, ООО",350,Власть несбывшегося,,,Жаворонок Светлана,5,Лабиринты Ехо,Твердая глянцевая,3000,20.5 x 13 x 2,,
354139,2318021,9785367022773,Фрай М.,,2012,0,"Амфора, ООО",382,Жертвы обстоятельств,,,,0,Лабиринты Ехо,Мягкая глянцевая,5000,18 x 11.5 x 1.1,,
354193,2318062,9785699566921,Емец Д.,,2012,0,Эксмо,432,Таня Гроттер и колодец Посейдона,,,Суворова Т.,0,Таня Гроттер,Твердая бумажная,3100,20.5 x 13 x 3,,287
354194,2318063,9785699556014,Емец Д.,,2012,0,Эксмо,416,Таня Гроттер и пенсне Ноя,,,Суворова Т.,0,Таня Гроттер,Твердая бумажная,3000,20.5 x 13 x 2,,251
354502,2318493,9785699571734,Емец Д.,,2012,0,Эксмо,352,Месть мертвого Императора,,,Суворова Т.,0,Фантастические приключения,Твердая глянцевая,3000,20.5 x 13 x 1.6,,
354742,1897324,9785942784027,Фрай М.,12+,2014,1,"Амфора, ООО",236,Книга одиночеств Фрай,,,,5,ФРАМ,Твердая бумажная,3000,20.6 x 13.3 x 1.8,,525
358088,2036420,9785942786809,Фрай М.,,2012,1,"Амфора, ООО",255,Тень Гугимагона,,,Стукалина Марина,3,лабиринты ехо,Мягкая глянцевая,3000,18 x 11.6 x 0.9,,182
358727,2190211,9785367009088,Фрай М.,,2009,0,"Амфора, ООО",509,Шкафы и скелеты 40 лучших рассказов 2008 года,,,,0,ФРАМ,Твердая бумажная,,20.6 x 13.5 x 3.4,,
359086,2300447,9785699539215,Емец Д.,,2012,0,Эксмо,352,Сокровища мутантиков,,,Суворова Т.,0,Фантастические приключения,Твердая глянцевая,,20.5 x 13 x 2.1,,
360508,2179462,9785373037440,Хантер Э.,,2017,3,Олма Медиагрупп,192,Секреты племен,,Максимова В.А.,,5,Коты-воители,Твердая глянцевая,3000,24.2 x 17.1 x 1.9,Насыров Л.Х.,530
360804,2197096,9785373024327,Хантер Э.,,2017,10,Олма Медиагрупп,319,Огонь и лед,,Максимова Вероника,,5,Коты-воители,Твердая бумажная,4000,21 x 13 x 2,Насыров Леонид,304
360835,2200239,9785373024303,Хантер Э.,,2017,24,Олма Медиагрупп,320,Стань диким,,Насыров Леонид,,4,Коты-воители,Твердая бумажная,7000,20.6 x 13.1 x 2.1,Корчагина Ольга,304
360885,2202333,9785373024471,Хантер Э.,6+,2017,3,Олма Медиагрупп,350,Затмение,,Максимова В.А.,,5,Коты-воители,Твердая бумажная,5000,20.6 x 13.5 x 2.2,Насыров Л.Х.,304
361307,2323606,9785367023220,Фрай М.,,2012,0,"Амфора, ООО",190,Болтливый мертвец,,,Жаворонок Светлана,0,Лабиринты Ехо,Мягкая глянцевая,3000,18 x 11.5 x 0.7,,174
361874,2271283,9785699482092,Фрай М.,,2011,0,Эксмо,608,Эдинбург История города,,"Башкатов М., Карпова Н.",Кривцова Е.,0,Биографии великих городов,Суперобложка,,20.5 x 13.7 x 3.4,,
362179,2324246,9785699578696,Емец Д.,,2012,0,Эксмо,432,Таня Гроттер и локон Афродиты,,,Суворова Т.,0,Таня Гроттер,Твердая бумажная,3000,20.5 x 13 x 2.3,,
362319,1895219,9785373010290,Хантер Э.,,2003,2,Олма Медиагрупп,319,Стань диким,,,,4,Коты-Воители,Твердая бумажная,,20.5 x 13 x 1.7,,
364589,2326986,9785367023701,Фрай М.,,2012,1,"Амфора, ООО",217,Белые камни Харумбы,,,,5,Лабиринты Ехо,Мягкая глянцевая,3000,18 x 11.5 x 0.7,,
365162,2327553,9785373044653,Хантер Э.,,2012,1,Олма Медиагрупп,,Судьба Горелого. Выпуск 3. Сердце Воителя. На подмогу племени. Потревоженный покой (комплект из 3 книг),,Корчагина О. И.,,3,Коты-воители,Мягкая бумажная,,19 x 12.5 x 2.1,Барри Джеймс Мэтью,
367135,2329483,9785367023626,Фрай М.,,2012,0,"Амфора, ООО",543,Гнезда Химер. Хроники Хугайды,,,,0,Лабиринты Ехо,Твердая бумажная,3000,20.7 x 13.2 x 2.7,,434
367704,2330267,9785699590261,Емец Д.,,2012,0,Эксмо,416,Таня Гроттер и проклятие некромага,,,,0,Таня Гроттер,Твердая бумажная,3100,20.7 x 13 x 3,,
367823,2330493,9785699590285,Емец Д.,,2012,1,Эксмо,384,Стрекоза второго шанса,,,Суворова Т.,5,Школа ныряльщиков (Шныр),Твердая бумажная,15000,20.5 x 13 x 2.8,,303
368031,2330703,9785373049177,Хантер Э.,,2018,1,Олма Медиагрупп,352,Голоса в ночи,,Максимова Вероника,Корчагина Ольга,5,Коты-воители,Твердая бумажная,12000,20.5 x 13 x 1.5,Насыров Леонид,304
369201,2325492,9785699582556,Емец Д.,,2012,0,Эксмо,416,Таня Гроттер и перстень с жемчужиной,,,Суворова Т.,0,Таня Гроттер,Твердая бумажная,3000,20.5 x 13 x 2.5,,
371613,2335430,9785699595310,Емец Д.,,2012,0,Эксмо,352,Таня Гроттер и болтливый сфинкс,,,Суворова Т.,0,Таня Гроттер,Твердая бумажная,3000,20.5 x 13 x 2.5,,
371884,2336193,9785699524464,Емец Д.,,2012,0,Эксмо,192,"С Новым годом, Снеговик!",,,Суворова Т.,0,,Твердая бумажная,5000,26.4 x 20.3 x 1.7,Тимофеева Виктория,
374983,2339995,9785699610877,Емец Д.,,2013,0,Эксмо,416,Таня Гроттер и магический контрабас,,,,0,Таня Гроттер,Твердая бумажная,3000,20.6 x 13.2 x 3,,
376401,2341774,9785367024333,Фрай М.,,2013,1,"Амфора, ООО",383,"Обжора-хохотун. История, рассказанная сэром Мелифаро",,,,5,Хроники Ехо,Мягкая глянцевая,3000,18 x 11.5 x 1.5,,166
377037,2342392,9785367024708,Фрай М.,12+,2013,0,Петроглиф СПб,480,Сказки старого Вильнюса II,,,,0,,Твердая бумажная,7000,22 x 14.5 x 3,,
378679,2343736,9785699605941,Емец Д.,12+,2012,0,Эксмо,304,Пришельцы из холодильника,,,Суворова Т.,0,Фантастические приключения,Твердая глянцевая,3100,20.6 x 13 x 2.2,,
379158,2311913,9785367021318,Фрай М.,12+,2013,0,"Амфора, ООО",383,Наваждения,,,,0,Лабиринты Ехо,Твердая глянцевая,3000,20.5 x 13 x 2.3,,362
379997,2344225,9785373049245,Хантер Э.,,2017,0,Олма Медиагрупп,318,Судьба Небесного племени. Сомнение,,,,0,Коты-воители,Твердая бумажная,15000,20.5 x 12.8 x 1.5,,304
380215,2197090,9785373024402,Хантер Э.,6+,2017,1,Олма Медиагрупп,352,Опасная тропа,,Максимова Вероника,,5,Коты-воители,Твердая бумажная,5000,21 x 13 x 2.5,Насыров Леонид,304
380218,2200241,9785373024341,Хантер Э.,,2017,3,Просвещение,318,Бушующая стихия,,,Максимова Вероника,4,Коты-воители,Твердая бумажная,4000,20.7 x 13.4 x 2.1,Насыров Леонид,285
380237,2344643,9785699616350,Емец Д.,,2013,0,Эксмо,416,Таня Гроттер и Исчезающий Этаж,,,,0,Таня Гроттер,Твердая бумажная,3000,20.5 x 13 x 2.8,,
382060,2345987,9785699621651,Емец Д.,12+,2013,0,Эксмо,384,Таня Гроттер и золотая пиявка,,,,0,Таня Гроттер,Твердая бумажная,3000,20.5 x 13 x 2.5,,
383626,2347400,9785699597697,Емец Д.,12+,2013,0,Эксмо,480,Великое нечто,,,,0,Фантастические приключения,Твердая глянцевая,3100,20.6 x 13 x 3.2,,
389640,2348747,9785367026238,Фрай М.,12+,2013,1,"Амфора, ООО",382,Вторая линия. Рассказы и истории разных лет,,,,5,,Мягкая глянцевая,3000,18 x 11.4 x 2.3,,
389641,2348748,9785367026047,Фрай М.,12+,2013,0,"Амфора, ООО",349,Первая линия. Рассказы и истории разных лет,,,,0,,Мягкая глянцевая,3000,18 x 11.6 x 2.1,,
392051,2349807,9785367026573,Фрай М.,12+,2013,0,"Амфора, ООО",639,Гнезда Химер. Хроники Хугайды,,,,0,ФРАМ,Мягкая глянцевая,3000,18 x 11.3 x 3.5,Степин Игорь,156
392052,2349808,9785367026634,Фрай М.,12+,2013,2,"Амфора, ООО",607,Мой Рагнарек,,,,5,ФРАМ,Мягкая глянцевая,3000,18 x 11.3 x 3.5,,
392068,2349868,9785699628902,Емец Д.,12+,2013,0,Эксмо,432,Таня Гроттер и трон Древнира,,,,0,Таня Гроттер,Мягкая бумажная,3000,20.5 x 13 x 3,,
398475,2204170,9785373024723,Хантер Э.,,2017,0,Олма Медиагрупп,320,Восход луны,,Максимова В.А.,,0,Коты-воители,Твердая бумажная,4000,20.7 x 13.2 x 2,Насыров Л.Х.,285
398918,2350036,9785699629978,Емец Д.,12+,2013,1,Эксмо,416,Мефодий Буслаев. Книга Семи Дорог,,,Суворова Т.,5,Мефодий Буслаев,Твердая глянцевая,20000,20.5 x 13 x 2.8,,
400412,2352988,9785367026429,Фрай М.,12+,2013,1,"Амфора, ООО",383,"Тубурская игра: история, расказанная сэром Нумминорихом Кутой",,,,5,Хроники Ехо,Твердая бумажная,35000,20.5 x 13 x 2.5,,441
402196,2354878,9785699636907,Емец Д.,12+,2013,0,Эксмо,240,Город динозавров,,,Суворова Т.,0,Веселые каникулы. Повести для школьников,Твердая бумажная,4100,21.7 x 14.3 x 1.8,,
405261,2356577,9785699609406,Емец Д.,12+,2013,0,Эксмо,352,Звездолет из каменного века,,,Суворова Т.,0,Фантастические приключения,Твердая глянцевая,3500,20.5 x 12.8 x 2.2,,
411548,2032133,9785367022827,Фрай М.,,2004,0,"Амфора, ООО",255,Волонтеры вечности,,,Стукалина Марина,0,Лабиринты Ехо,Мягкая бумажная,,,,
411549,2032134,9785367022766,Фрай М.,,2004,0,"Амфора, ООО",355,Дебют в Ехо,,,Стукалина Марина,0,Лабиринты Ехо,Мягкая бумажная,,18 x 11.5 x 2,,
411550,2032135,9785367022773,Фрай М.,,2004,0,"Амфора, ООО",382,Жертвы обстоятельств,,,Стукалина Марина,0,Лабиринты Ехо,Мягкая бумажная,,,,
411551,2032136,9785942786274,Фрай М.,12+,2014,0,"Амфора, ООО",254,Магахонские Лисы,,,Стукалина Марина,0,Лабиринты Ехо,Мягкая глянцевая,3000,18 x 11.5 x 1,,154
411552,2032137,9785942786281,Фрай М.,12+,2014,1,"Амфора, ООО",255,Путешествие в Кеттари,,,Стукалина Марина,5,Лабиринты Ехо,Мягкая бумажная,3000,18 x 11.5 x 1,,142
411553,2032138,9785367022810,Фрай М.,12+,2013,0,"Амфора, ООО",158,Очки Бакки Бугвина,,,Стукалина Марина,0,Лабиринты Ехо,Мягкая глянцевая,3000,18 x 11.5 x 1,,155
411625,2035209,9785367023152,Фрай М.,12+,2013,0,"Амфора, ООО",287,Возвращение Угурбандо,,,Стукалина Марина,0,Лабиринты Ехо,Мягкая бумажная,,18 x 11.6 x 1.6,,182
411626,2035210,9785942786618,Фрай М.,,2012,0,"Амфора, ООО",271,Дорот - повелитель Манухов,,,Стукалина Марина,0,Лабиринты Ехо,Мягкая бумажная,3000,18 x 11.5 x 1.1,,149
411627,2035211,9785367023015,Фрай М.,12+,2013,0,"Амфора, ООО",255,Зеленые воды Ишмы,,,Стукалина Марина,0,Лабиринты Ехо,Мягкая глянцевая,3000,18 x 11.3 x 1.5,,149
411628,2035212,9785942786595,Фрай М.,12+,2013,0,"Амфора, ООО",253,Гугландские топи,,,Стукалина Марина,0,Лабиринты Ехо,Мягкая бумажная,3000,18 x 11.6 x 1.5,,149
411629,2035213,9785942786229,Фрай М.,12+,2014,0,"Амфора, ООО",315,Корабль из Арвароха и другие неприятности,,,Стукалина Марина,0,Лабиринты Ехо,Мягкая бумажная,3000,18 x 11.7 x 2,,182
411682,2035977,9785942786649,Фрай М.,,2013,0,"Амфора, ООО",319,Сладкие грезы Гравви,,,Стукалина Марина,0,Лабиринты Ехо,Мягкая глянцевая,3000,18 x 11.5 x 1.2,,133
411683,2035978,9785942786588,Фрай М.,12+,2013,0,"Амфора, ООО",222,Тайна клуба Дубовых Листьев,,,Стукалина Марина,0,Лабиринты Ехо,Мягкая глянцевая,3000,18 x 11.5 x 1.4,,155
411692,2036416,9785942786731,Фрай М.,12+,2013,1,"Амфора, ООО",286,Темные вассалы Гленке Тавала,,,Стукалина Марина,5,Лабиринты Ехо,Мягкая глянцевая,3000,18 x 11.5 x 1.7,,163
411693,2036418,9785367022841,Фрай М.,,2004,1,"Амфора, ООО",287,Простые волшебные вещи,,,Стукалина Марина,5,лабиринты ехо,Мягкая глянцевая,,,,
411732,2037376,9785942786830,Фрай М.,,2012,1,"Амфора, ООО",220,Книга Огненных Страниц,,,,5,Лабиринты Ехо,Мягкая бумажная,3000,18 x 11.3 x 0.9,,166
411733,2037377,9785367023237,Фрай М.,,2012,0,"Амфора, ООО",319,Наследство для Лонли-Локли,,,Жаворонок Светлана,0,Лабиринты Ехо,Мягкая бумажная,3000,18 x 11.6 x 1.2,,182
411750,2037888,9785367023725,Фрай М.,12+,2013,0,"Амфора, ООО",223,Тихий Город,,,,0,Лабиринты Ехо,Мягкая глянцевая,10000,17.9 x 11.5 x 1.3,,182
415924,2105877,5699192131,Емец Д.,,2006,0,Эксмо,416,Вселенский неудачник,,,,0,Хулиганское фэнтези Д. Емеца,Твердая глянцевая,,20.7 x 13.5 x 2.6,,
417841,2111942,9785373008266,Хантер Э.,,2007,0,Олма Медиагрупп,320,Закат,,,,0,Коты-воители,Твердая бумажная,,20.7 x 13.3 x 1.7,,
418433,2114041,9785699206162,Емец Д.,,2007,0,Эксмо,256,Мефодий Буслаев Стражи мрака зажигают,,,,0,,Твердая бумажная,,18.3 x 13.2 x 2,,
420649,2122870,9785699217861,Емец Д.,,2007,0,Эксмо,352,Сокровища мутантиков,,,,0,Волшебные миры Дмитрия Емца,Твердая бумажная,,20.6 x 13.4 x 2.5,,
426432,2146052,9785699248971,Емец Д.,,2007,0,Эксмо,384,Таня Гроттер и Мефодий Буслаев Улетные фразочки цитатки…,,,,0,,Твердая бумажная,,19.8 x 12.3 x 2.9,,
430597,2159095,9785699277193,Емец Д.,,2008,0,Эксмо,416,Таня Гроттер и пенсне Ноя,,,,0,Таня Гроттер,Твердая глянцевая,,20.7 x 13.5 x 3.2,,
430981,2160704,9785699277179,Емец Д.,,2008,0,Эксмо,432,Таня Гроттер и трон Древнира,,,,0,Таня Гроттер,Твердая глянцевая,,20.8 x 13.5 x 3.2,,
434605,2176647,9785699301973,Емец Д.,,2008,0,Эксмо,320,Тайна Звездного странника,,,,0,Волшебные миры Дмитрия Емца,Мягкая бумажная,,20 x 12.5 x 1.9,,96
435189,2179116,9785699307227,Емец Д.,,2008,1,Эксмо,416,Мефодий Буслаев Карта Хаоса,,,,5,Мефодий Буслаев,Мягкая бумажная,,20.7 x 13.9 x 3.1,,
436749,2185110,9785699325450,Емец Д.,,2009,0,Эксмо,352,Планета Черного Императора,,,,0,Волшебные миры Дмитрия Емца,Мягкая бумажная,,20 x 12.6 x 2,,
437293,2189988,9785373023122,Хантер Э.,,2009,0,Олма Медиагрупп,350,Отверженные,,,,0,Коты-воители,Твердая бумажная,,20.6 x 13.5 x 2,,
439140,2196985,9785699332168,Емец Д.,,2009,0,Эксмо,416,Месть мертвого Императора Звездолет из каменного века,,,,0,Большая книга фантастических приключений,Твердая бумажная,,22 x 14.5 x 3,,
439197,2197095,9785373024389,Хантер Э.,,2017,2,Олма Медиагрупп,320,Лес секретов,,Максимова Вероника,,5,Коты-воители,Твердая бумажная,4000,21 x 13 x 2,Насыров Леонид,304
439758,2198948,9785699335350,Емец Д.,,2009,1,Эксмо,416,Мутантики Королева мутантиков,,,,5,Большая книга фантастических приключений,Твердая бумажная,,22 x 14.6 x 3,,
440184,2200240,9785373024426,Хантер Э.,,2009,0,Олма Медиагрупп,352,Послание,,,,0,Коты-воители,Твердая бумажная,,20.7 x 13.5 x 2.3,,
440667,2201663,9785699349357,Емец Д.,,2009,0,Эксмо,416,Сокровища мутантиков Колесница призраков,,,,0,Большая книга фантастических приключений,Твердая бумажная,,22 x 15 x 3,,
441311,2203916,9785699356102,Емец Д.,,2009,1,Эксмо,352,Город динозавров Пришельцы из холодильника,,,,5,Большая книга фантастических приключений,Твердая бумажная,,22 x 14.6 x 2.8,,
442954,2212965,9785373030687,Хантер Э.,,2009,2,Олма Медиагрупп,304,Первые испытания,,Максимова Вероника,Корчагина Ольга,4,Странники,Твердая бумажная,,20.9 x 13.2 x 1.6,Насыров Леонид,
442981,2213092,9785367011111,Фрай М.,,2014,1,"Амфора, ООО",320,Чуб Земли,,,,5,Хроники Ехо,Мягкая глянцевая,3000,18 x 11.5 x 2,,149
442982,2213093,9785367011036,Фрай М.,12+,2013,0,"Амфора, ООО",223,Лабиринт Мёнина,,,,0,Лабиринты Ехо,Мягкая глянцевая,3000,18 x 11.5 x 1.4,,182
444313,2359996,9785373051484,Хантер Э.,6+,2017,3,Олма Медиагрупп,350,Судьба Небесного племени. Решение. В двух книгах. Книга II,,Максимова Вероника,,3,Коты-воители,Твердая бумажная,15000,20.6 x 13 x 1.6,Насыров Леонид,316
444874,2184480,9785699322855,Емец Д.,,2009,0,Эксмо,352,Гладиатор забытых созвездий,,,,0,Волшебные миры Дмитрия Емца,Мягкая бумажная,,20 x 12.5 x 2.1,,
447382,2362619,9785699628179,Емец Д.,12+,2013,0,Эксмо,336,Король хитрости,,,Суворова Т.,0,Веселые каникулы. Повести для школьников,Твердая бумажная,4100,21.5 x 14.2 x 2.4,,
454268,2371330,9785373051934,Хантер Э.,,2017,0,Олма Медиагрупп,192,Закон племен,,Максимова Вероника,,0,Коты-воители. Подарок,Твердая глянцевая,8000,24.5 x 17 x 1.5,Насыров Леонид,470
454359,2365991,9785699640584,Емец Д.,12+,2013,0,Эксмо,320,Колесница призраков,,,,0,Веселые каникулы. Повести для школьников,Твердая бумажная,4100,21.5 x 14 x 2.3,,
463684,2374326,9785699656493,Емец Д.,12+,2013,0,Эксмо,608,"Тайна ""Звездного странника"". Сердце пирата. Гладиатор забытых созвездий. Пират против всей Галактики",,,,0,Фантастическая коллекция для школьников,Твердая бумажная,4000,21.5 x 17 x 2.7,,
469357,2379425,9785699663033,Емец Д.,12+,2013,0,Эксмо,576,Мутантики. Королева мутантиков. Сокровища мутантиков,,,,0,Фантастическая коллекция для школьников,Твердая бумажная,4000,21.5 x 16.5 x 2.5,,328
470811,2377885,9785699663637,Емец Д.,12+,2013,1,Эксмо,384,Муравьиный лабиринт,,,Суворова Т.,5,Школа ныряльщиков (Шныр),Твердая бумажная,10000,20.6 x 13.2 x 2.7,,
471783,2379911,9785367024340,Фрай М.,12+,2013,2,"Амфора, ООО",447,"Дар Шаванахолы. История, рассказанная сэром Максом из Ехо. Хроники Ехо 7",,,,4,Хроники Ехо,Мягкая глянцевая,7000,18 x 11.5 x 2.6,,149
481079,2383184,9785699672547,Емец Д.,12+,2013,1,Эксмо,576,Планета Черного Императора. Месть мертвого Императора. Повелители галактик,,,,5,Фантастическая коллекция для школьников,Твердая бумажная,4000,21.5 x 16.5 x 3.2,,
487895,2385047,9785699674404,Емец Д.,12+,2013,0,Эксмо,288,Галактический зверинец,,,Суворова Т.,0,Веселые каникулы. Повести для школьников,Твердая бумажная,4000,22 x 14.7 x 2,,217
537992,1897534,9785373010405,Хантер Э.,,2004,0,Олма-Пресс,319,Огонь и лед,,,,0,Коты-воители,Твердая бумажная,,,,
537999,1902874,9785699057351,Емец Д.,,2004,0,Эксмо-Пресс,416,Таня Гроттер и ботинки кентавра,,,,0,Таня Гроттер,Твердая бумажная,,20.7 x 13.5 x 2.6,,
538387,2142423,9785373016025,Хантер Э.,,2007,0,Олма Медиагрупп,352,Послание,,,,0,Коты-воители,Твердая бумажная,,21.8 x 13.6 x 1.7,,
638421,2394358,9785699679065,Емец Д.,12+,2013,0,Эксмо,336,Звездолет из каменного века,,,Суворова Т.,0,Веселые каникулы. Повести для школьников,Твердая бумажная,3000,22 x 14.5 x 2.5,,
638607,2394878,9785373055796,Хантер Э.,6+,2018,2,Олма Медиагрупп,352,Знамение Луны,,Максимова Вероника,,5,Коты-воители,Твердая бумажная,15000,20.5 x 13 x 1.5,,285
686314,2395759,9785699685202,Емец Д.,12+,2014,0,Эксмо,384,Мефодий Буслаев. Ладья света,,,,0,Мефодий Буслаев,Твердая глянцевая,20000,20.8 x 13 x 3,,290
693263,2176012,9785699311965,Емец Д.,,2008,0,Эксмо,352,С Новым годом снеговик,,,,0,Волшебные миры Дмитрия Емца,Мягкая бумажная,,20 x 12.5 x 1.8,,
694068,2399059,9785699654031,Емец Д.,6+,2013,0,Эксмо,,Новый год с дракончиком Пыхалкой. 4 пазла в книге,,,,0,Книга с пазлами,Картон,5000,26.4 x 20 x 1.4,Тимофеева В.,372
706753,2400311,9785699697427,Емец Д.,6+,2014,0,Эксмо,240,Юный граф Дракула,,,,0,Веселые каникулы. Повести для школьников,Твердая бумажная,5000,22 x 14 x 2,,
710328,2402249,9785367029536,Фрай М.,12+,2014,1,"Амфора, ООО",480,Сказки старого Вильнюса III,,,Хаметшина Н.,5,,Твердая бумажная,7000,22 x 14.5 x 2.7,,504
712580,2401749,9785373058711,Хантер Э.,6+,2018,2,Олма Медиагрупп,349,Забытый воин,,Максимова Вероника,,5,Коты-воители,Твердая бумажная,12000,20.7 x 13.2 x 1.8,Насыров Леонид,285
713022,2403729,9785699697441,Емец Д.,6+,2014,0,Эксмо,256,НЛО прибывает по расписанию,,,Суворова Т.,0,Веселые каникулы. Повести для школьников,Твердая бумажная,3500,22 x 14.3 x 1.9,,211
723716,2407873,9785170839506,Фрай М.,,2014,2,АСТ,416,"Ветры, ангелы и люди",,,,5,,Твердая бумажная,12000,20.7 x 13.3 x 2.8,,332
732588,2411890,9785373061278,Хантер Э.,6+,2017,1,Олма Медиагрупп,348,Пустой город,,Максимова Вероника,,5,Хроники Стаи,Твердая бумажная,10000,20.5 x 13 x 1.7,Соколова Наталья,304
732658,2412010,9785699705757,Емец Д.,6+,2014,0,Эксмо,320,"Тайна ""Звездного странника"". Приключения школьника Андрея и робота-няньки Баюна!",,,,0,Веселые каникулы. Повести для школьников,Твердая бумажная,3000,21.5 x 14.5 x 3,,
735622,2414038,9785699680160,Емец Д.,6+,2014,0,Эксмо,288,Кусалки. Приключения забавных человечков,,,,0,Дмитрий Емец иллюстрированные книги для детей,Твердая глянцевая,5000,26 x 20 x 2,Тимофеева Виктория,493
743504,2417699,9785699724802,Емец Д.,6+,2014,0,Эксмо,320,Сердце пирата. Приключения школьника Андрея и робота-няньки Баюна!,,,,0,Веселые каникулы. Повести для школьников,Твердая бумажная,3000,21.8 x 14.2 x 2.15,,
747100,2420312,9785699716548,Емец Д.,16+,2014,2,Эксмо,352,Череп со стрелой,,,,5,Школа ныряльщиков (Шныр),Твердая бумажная,10000,20.5 x 13 x 2,,303
747597,2420725,9785373061919,Хантер Э.,6+,2014,0,Олма Медиагрупп,96,Небесное племя и Незнакомец. Книга 1. Спасение (комплект из 3 книг),,Корчагина О. И.,,0,Коты-воители. Манга,Мягкая глянцевая,5000,18.9 x 12.7 x 0.5,Барри Джеймс Л.,440
749755,2422140,9785373067867,Хантер Э.,6+,2017,1,Олма Медиагрупп,348,Обещание Метеора. Западня,,Максимова Вероника,,5,Коты-воители,Твердая бумажная,14000,20.6 x 12.8 x 1.7,Насыров Леонид,285
752084,2423581,9785699728794,Емец Д.,12+,2014,0,Эксмо,320,Гладиатор забытых созвездий. Приключения школьника Андрея и робота-няньки Баюна!,,,,0,Веселые каникулы. Повести для школьников,Твердая бумажная,3100,21.7 x 14.2 x 2.15,,242
754237,2151253,9785699259359,Емец Д.,,2008,0,Эксмо,320,Мальчик-вамп,,,,0,Волшебные миры Дмитрия Емца,Твердая бумажная,,21 x 13 x 2.2,,
754275,2162430,9785699278114,Емец Д.,,2008,0,Эксмо,384,Таня Гроттер и Золотая Пиявка,,,,0,Таня Гроттер,Твердая глянцевая,,,,
754276,2162444,9785699278152,Емец Д.,,2008,0,Эксмо,416,Таня Гроттер и посох волхвов,,,,0,Таня Гроттер,Твердая глянцевая,,,,
754318,2174013,9785699297108,Емец Д.,,2008,0,Эксмо,416,Таня Гроттер и Исчезающий Этаж,,,,0,Таня Гроттер,Твердая глянцевая,,,,
754346,2181729,9785699311965,Емец Д.,,2008,0,Эксмо,320,Сердце пирата,,,,0,Волшебные миры Дмитрия Емца,Мягкая бумажная,,20 x 12.5 x 2,,
760010,2428197,9785373062152,Хантер Э.,6+,2017,2,Олма Медиагрупп,192,"Битвы племен. Путеводитель по серии ""Коты-воители""",,Максимова Вероника,Корчагина Ольга,5,Коты-воители. Подарок,Твердая глянцевая,8000,24.1 x 16.9 x 1.7,Насыров Леонид,470
761331,2428941,9785699737765,Емец Д.,12+,2014,0,Эксмо,288,Пират против всей галактики. Приключения школьника Андрея и робота-няньки Баюна!,,,Суворова Т.,0,Веселые каникулы. Повести для школьников,Твердая бумажная,3000,22 x 14.4 x 2,,234
765102,2431156,9785170872688,Фрай М.,12+,2014,8,АСТ,384,Мастер ветров и закатов,,,,5,Сновидения Ехо,Твердая бумажная,33000,20.8 x 13.5 x 2.7,Фрай Макс,359
768211,2433258,9785699745845,Емец Д.,12+,2014,0,Эксмо,352,Мутантики,,,,0,Веселые каникулы. Повести для школьников,Твердая бумажная,3000,21.8 x 14.3 x 2.2,,242
769393,2434016,9785373070478,Хантер Э.,6+,2017,2,Олма Медиагрупп,352,Тайный враг,,Максимова Вероника,,4,Хроники Стаи,Твердая бумажная,13000,20.5 x 13 x 1.5,Соколова Наталья,285
770141,2435118,9785699755608,Емец Д.,12+,2014,0,Эксмо,320,Королева мутантиков,,,,0,Веселые каникулы. Повести для школьников,Твердая бумажная,3000,21.8 x 14.3 x 2.25,,251
774930,2439489,9785373070799,Хантер Э.,6+,2017,0,Олма Медиагрупп,352,Обещание Метеора. Книга II. Прозрение,,Максимова Вероника,Корчагина Ольга,0,Коты-воители,Твердая бумажная,14000,20.6 x 13.2 x 1.2,Насыров Леонид,285
776541,2440918,9785699742486,Емец Д.,12+,2014,0,Эксмо,320,Сокровища мутантиков,,,,0,Веселые каникулы. Повести для школьников,Твердая бумажная,3000,21.8 x 14.5 x 2,,254
779618,2443165,9785170872664,Фрай М.,12+,2015,28,АСТ,640,Чужак,,,,4,Лабиринты Ехо,Твердая бумажная,5000,20 x 13.3 x 3.6,,359
782786,2141544,9785699241910,Емец Д.,,2007,0,Эксмо,320,Город динозавров,,,,0,Волшебные миры Дмитрия Емца,Твердая бумажная,,20.7 x 13.3 x 2,,
784979,2446404,9785170878468,Фрай М.,12+,2015,13,АСТ,640,Волонтеры Вечности,,,Данишевский И.,4,Лабиринты Ехо,Твердая бумажная,4000,20.6 x 12.9 x 3.6,,359
789215,2448196,9785170882687,Фрай М.,12+,2015,11,АСТ,352,Простые волшебные вещи,,,,4,Лабиринты Ехо,Твердая бумажная,4000,20.6 x 13 x 2.3,,359
790009,2448997,9785170885596,Фрай М.,18+,2015,3,АСТ,288,"НяпиZдинг, сэнсэе",,,,4,Миры Макса Фрая,Твердая бумажная,15000,20.6 x 13 x 1.8,,315
793750,2451440,9785170880027,Фрай М.,18+,2015,1,АСТ,416,Ключ из желтого металла,,,,5,Макс Фрай,Твердая бумажная,3000,20.6 x 13 x 2.3,,342
793991,2161202,9785699279258,Емец Д.,,2008,0,Эксмо,352,Инопланетянин из бутылки,,,,0,Волшебные миры Дмитрия Емца,Твердая бумажная,,20.5 x 13.5 x 2.3,,
794078,2451641,9785373072137,Хантер Э.,6+,2018,2,Олма Медиагрупп,384,Главная надежда,,,,5,Коты-воители,Твердая бумажная,15000,20.5 x 13 x 2.2,,304
809449,2453534,9785699742493,Емец Д.,12+,2015,0,Эксмо,352,Планета Черного Императора,,,,0,Веселые каникулы. Повести для школьников,Твердая бумажная,3000,21.9 x 14.3 x 2.3,,242
810107,2144255,9785699248667,Емец Д.,,2007,0,Эксмо,304,Пришельцы из холодильника,,,,0,Волшебные миры Дмитрия Емца,Твердая бумажная,,20.8 x 13.5 x 2,,
810832,2454253,9785170882700,Фрай М.,12+,2015,9,АСТ,352,Темная сторона,,,,4,Лабиринты Ехо,Твердая бумажная,4000,20.6 x 13 x 1.8,,359
812827,2455135,9785170887200,Фрай М.,16+,2015,2,АСТ,448,Слишком много кошмаров,,,,5,Сновидения Ехо,Твердая бумажная,35000,20.8 x 13.5 x 3,,359
813665,2455881,9785373074292,Хантер Э.,6+,2017,1,Олма Медиагрупп,352,Нерассказанные истории. История Остролистой. Сборник,,Максимова Вероника,Корчагина Ольга,5,Коты-воители,Твердая бумажная,13000,20.6 x 13 x 1.7,Логинова Мария,304
814676,2456831,9785699742509,Емец Д.,12+,2015,0,Эксмо,352,Месть мертвого императора,,,,0,Веселые каникулы. Повести для школьников,Твердая бумажная,3000,21.8 x 14.3 x 2.3,,251
815445,2457125,9785699773848,Емец Д.,16+,2015,1,Эксмо,448,Мефодий Буслаев. Ошибка грифона,,,,5,Мефодий Буслаев,Твердая глянцевая,18000,20.6 x 13.2 x 2.8,,319
816107,2457425,9785170887262,Фрай М.,16+,2015,8,АСТ,384,Наваждения,,,,4,Лабиринты Ехо,Твердая бумажная,4000,20.6 x 13 x 2.2,,359
818391,2458750,9785170887651,Фрай М.,16+,2015,5,АСТ,384,Власть несбывшегося,,,,4,Лабиринты Ехо,Твердая бумажная,4000,20.6 x 13 x 2.2,,359
820823,2460377,9785170888399,Фрай М.,18+,2015,5,АСТ,448,Мой Рагнарек,,,Фрай Макс,5,Миры Макса Фрая,Твердая бумажная,4000,20.6 x 13.1 x 2.4,,359
820951,2115345,5699185739,Емец Д.,,2007,0,Эксмо,352,Королева мутантиков,,,,0,Волшебные миры Дмитрия Емца,Твердая бумажная,,20.6 x 13.6 x 2.4,,133
822310,2461602,9785373074476,Хантер Э.,6+,2018,3,Абрис,348,Тьма наступает,,Максимова Вероника,,4,Хроники Стаи,Твердая бумажная,10000,20.6 x 12.8 x 1.75,Соколова Наталья,285
822874,2462009,9785170898299,Фрай М.,16+,2015,3,АСТ,608,Болтливый мертвец,,,,5,Лабиринты Ехо,Твердая бумажная,4000,20.6 x 13 x 3.35,,359
824732,2463331,9785170893034,Фрай М.,16+,2015,3,АСТ,416,"Ветры, ангелы и люди",,,,4,Миры Макса Фрая,Твердая бумажная,4000,20.6 x 13 x 2.4,,359
825450,2084261,5367001289,Фрай М.,,2006,0,"Амфора, ООО",382,Сказки и истории,,,,0,,Твердая бумажная,,,,
826834,2159176,9785699271627,Емец Д.,,2008,0,Эксмо,320,Король хитрости,,,,0,Волшебные миры Дмитрия Емца,Твердая бумажная,,20.5 x 13.5 x 2.3,,
828740,2465919,9785170902071,Фрай М.,16+,2015,2,АСТ,416,Лабиринт Менина,,,,5,Лабиринты Ехо,Твердая бумажная,5000,20.7 x 13 x 2.5,,356
831871,2467330,9785170902088,Фрай М.,16+,2015,5,АСТ,256,О любви и смерти,,,,4,Миры Макса Фрая,Твердая глянцевая,15000,20.5 x 19.3 x 1.5,,342
833825,2468830,9785699807925,Емец Д.,6+,2015,1,Эксмо,256,Бунт пупсиков,,,,5,Моя большая семья,Твердая бумажная,5000,21.7 x 17 x 2,,234
833826,2468831,9785699799220,Емец Д.,6+,2015,0,Эксмо,256,Бунт пупсиков,,,,0,Моя большая семья,Твердая бумажная,4000,21.7 x 17 x 2,,234
839265,2471793,9785170906628,Фрай М.,18+,2015,3,АСТ,576,Гнезда Химер. Хроники Хугайды,,,,4,Миры Макса Фрая,Твердая глянцевая,4000,20.6 x 12.9 x 3.2,,359
840903,2472610,9785373076128,Хантер Э.,6+,2018,4,Олма Медиагрупп,320,Тайна Щербатой. Предназначение,,,,4,Коты-воители,Твердая бумажная,12000,20.5 x 13 x 1.5,,285
841682,2144860,9785699251636,Емец Д.,,2008,0,Эксмо,320,Галактический зверинец Повесть,,,,0,Волшебные миры Дмитрия Емца,Твердая бумажная,,20.7 x 13.5 x 2.1,,
843835,2474577,9785170905430,Фрай М.,16+,2015,4,АСТ,320,Чуб земли,,,,5,Хроники Ехо,Твердая бумажная,5000,20.5 x 13 x 2,,356
845177,2475050,9785373074865,Хантер Э.,6+,2017,0,Олма Медиагрупп,192,Память племен,,Максимова Вероника,,0,Коты-воители. Подарок,Твердая глянцевая,7000,24 x 17 x 1.5,Насыров Леонид,530
847078,2476684,9785170923212,Фрай М.,16+,2015,1,АСТ,320,Властелин Морморы,,,,5,Хроники Ехо,Твердая бумажная,5000,20.7 x 13 x 2,,356
848555,2477910,9785699816286,Емец Д.,6+,2015,0,Эксмо,352,Заступники земли русской. Роман,,,,0,Заступники земли русской,Твердая бумажная,5000,21.6 x 17 x 2.5,,311
848994,2478311,9785170925063,Фрай М.,18+,2015,4,АСТ,416,Большая телега,,,,4,Миры Макса Фрая,Твердая глянцевая,4000,20.5 x 13 x 2,,356
850216,2478871,9785170922956,Фрай М.,16+,2015,8,АСТ,448,Вся правда о нас,,,,5,Сновидения Ехо,Твердая бумажная,27000,20.7 x 13.3 x 2,,359
850903,2479506,9785699819669,Емец Д.,16+,2015,1,Эксмо,384,Глоток огня,,,,5,Школа ныряльщиков (Шныр),Твердая бумажная,7000,20.6 x 13 x 2.3,,323
854712,1897635,5699049134,Емец Д.,,2004,0,Эксмо-Пресс,320,НЛО прибывает по расписанию,,,,0,От создателя Тани Гроттер,Твердая глянцевая,11000,20.5 x 13 x 2,,
855443,2482642,9785170924554,Фрай М.,16+,2015,2,АСТ,320,Неуловимый Хабба Хэн,,,Фрай Макс,5,Хроники Ехо,Твердая бумажная,5000,20.7 x 13.2 x 2,,356
856230,2483548,9785699832262,Емец Д.,12+,2015,0,Эксмо,320,Город динозавров,,,,0,Здесь водятся динозавры,Твердая бумажная,3000,22 x 14.3 x 2,,285
857607,2484524,9785170905751,Фрай М.,18+,2015,2,АСТ,576,Гнезда химер. Хроники Оветганны,,,,5,Миры Макса Фрая,Твердая бумажная,4000,20.5 x 13 x 3,,314
857977,2483906,9785373077255,Хантер Э.,6+,2017,1,Олма Медиагрупп,348,Тайна Щербатой. Книга II. Наказание,,,,5,Коты-воители,Твердая бумажная,12000,20.6 x 13.1 x 1.9,,303
859271,2486179,9785699816378,Емец Д.,12+,2015,8,Эксмо,384,Таня Гроттер и магический контрабас,,,,3,Таня Гроттер. Легендарное детское фэнтези,Твердая бумажная,5000,21.8 x 14.5 x 2.2,,354
859272,2486180,9785699816439,Емец Д.,12+,2015,1,Эксмо,352,Таня Гроттер и Золотая Пиявка,,,,3,Таня Гроттер. Легендарное детское фэнтези,Твердая бумажная,5000,21.8 x 14.5 x 2.2,,354
859273,2486181,9785699816392,Емец Д.,12+,2015,3,Эксмо,352,Таня Гроттер и Исчезающий Этаж,,,,4,Таня Гроттер. Легендарное детское фэнтези,Твердая бумажная,5000,21.8 x 14.5 x 2.2,,354
860114,2486793,9785170924561,Фрай М.,16+,2015,7,АСТ,352,"Ворона на мосту. История, рассказанная сэром Шурфом Лонли-Локли",,,,4,Хроники Ехо,Твердая бумажная,4000,20.7 x 13 x 2,,359
861223,2487954,9785170929856,Фрай М.,16+,2015,6,АСТ,1200,Лабиринты EXO. Том 1. Чужак. Волонтеры вечности. Простые волшебные вещи. Темная сторона. Наваждения,,,,4,,Твердая бумажная,3000,26.4 x 20.1 x 5.3,,1330
866062,2490750,9785699816873,Емец Д.,12+,2015,1,Эксмо,352,Таня Гроттер и трон Древнира,,,,3,Таня Гроттер. Легендарное детское фэнтези,Твердая бумажная,5000,21.8 x 14.1 x 2.2,,354
867637,2491859,9785170925070,Фрай М.,16+,2016,3,АСТ,384,"Горе господина Гро. История, рассказанная сэром Кофой Йохом",,,,5,Хроники Ехо,Твердая бумажная,4000,20.6 x 13 x 2.4,,356
868652,2492869,9785170925148,Фрай М.,16+,2016,2,АСТ,480,Сказки старого Вильнюса IV,,,,4,,Суперобложка,10000,20.6 x 13.5 x 2.7,,359
870661,2495796,9785170925087,Фрай М.,16+,2016,6,АСТ,320,Сказки старого Вильнюса,,,,4,,Суперобложка,3500,20.6 x 13 x 2,,332
870662,2495797,9785170925100,Фрай М.,16+,2016,4,АСТ,,Сказки старого Вильнюса II,,,,5,,Суперобложка,3000,20.6 x 13 x 2.5,,356
870663,2495798,9785170925124,Фрай М.,16+,2016,2,АСТ,,Сказки старого Вильнюса III,,,,5,,Суперобложка,3500,20.6 x 13 x 2.6,,332
872961,2497515,9785170925155,Фрай М.,16+,2016,2,АСТ,352,"Обжора-хохотун. История, рассказанная сэром Мелифаро",,,,5,Хроники Ехо,Твердая бумажная,4000,20.6 x 13 x 2.2,,356
874517,2498593,9785699847600,Емец Д.,6+,2016,0,Эксмо,240,День карапузов,,,,0,Моя большая семья,Твердая бумажная,5000,21.7 x 16.6 x 2,,389
874518,2498594,9785699849901,Емец Д.,,2016,0,Эксмо,240,День карапузов,,,,0,Моя большая семья,Твердая бумажная,5000,21.7 x 16.6 x 2,,389
874523,2498599,9785699835874,Емец Д.,16+,2016,0,Эксмо,416,Таня Гроттер и посох волхвов,,,,0,Таня Гроттер. Легендарное детское фэнтези,Твердая бумажная,5000,21.7 x 14.4 x 2.6,,327
875812,2499957,9785170925193,Фрай М.,16+,2016,4,АСТ,416,Дар Шаванахолы,,,,3,Хроники Ехо,Твердая бумажная,4000,20.5 x 13 x 2.3,,356
878449,2501341,9785699835867,Емец Д.,16+,2016,0,Эксмо,352,Таня Гроттер и молот Перуна,,,,0,Таня Гроттер. Легендарное детское фэнтези,Твердая бумажная,4000,21.8 x 14.3 x 2.3,,368
882380,2504150,9785170951970,Фрай М.,16+,2016,4,АСТ,416,Тубурская игра,,,,5,Хроники Ехо,Твердая бумажная,4000,20.5 x 13 x 2.3,,356
886599,2507584,9785170925223,Фрай М.,18+,2016,3,АСТ,448,Энциклопедия мифов: А-К,,,,4,Миры Макса Фрая,Твердая бумажная,4000,20.6 x 13.1 x 2.4,,356
887009,2507692,9785699844418,Емец Д.,16+,2016,0,Эксмо,384,Таня Гроттер и пенсне Ноя,,,,0,Таня Гроттер. Легендарное детское фэнтези,Твердая бумажная,4000,21.7 x 14.4 x 2.3,,368
887823,2508486,9785699840465,Емец Д.,16+,2016,1,Эксмо,416,Таня Гроттер и ботинки кентавра,,,,3,Таня Гроттер. Легендарное детское фэнтези,Твердая бумажная,5000,22 x 14.3 x 2.3,,327
888578,2509026,9785170952670,Фрай М.,18+,2016,2,АСТ,480,Карты на стол,,,,4,Миры Макса Фрая,Твердая бумажная,15000,20.5 x 13 x 2.5,,332
892906,2512062,9785373074896,Хантер Э.,6+,2017,4,Олма Медиагрупп,448,Стань диким! Огонь и Лед,,"Корчагина О.И., Максимова В.А.",,5,Коты-воители. Золотая коллекция,Твердая бумажная,3000,26.5 x 17 x 2.3,,609
892920,2512076,9785373078122,Хантер Э.,6+,2018,2,Олма Медиагрупп,352,Прерванный путь,,Максимова Вероника,,4,Хроники Стаи,Твердая бумажная,9000,20.5 x 13 x 1.3,Соколова Наталья,304
894293,2513495,9785170951963,Фрай М.,18+,2016,1,АСТ,384,Энциклопедия мифов: К-Я,,,,5,Миры Макса Фрая,Твердая бумажная,3500,20.5 x 13 x 2,,356
898955,2517542,9785170953349,Фрай М.,16+,2016,8,АСТ,480,Я иду искать,,,,4,Сновидения Ехо,Твердая бумажная,30000,20.7 x 13.3 x 2.5,,356
899097,2517466,9785699845521,Емец Д.,16+,2016,1,Эксмо,416,Таня Гроттер и колодец Посейдона,,,,3,Таня Гроттер. Легендарное детское фэнтези,Твердая бумажная,4000,21.8 x 14.3 x 2.3,,327
899624,2518066,9785699889174,Емец Д.,16+,2016,1,Эксмо,480,Мефодий Буслаев. Самый лучший враг,,,,5,Мефодий Буслаев,Твердая глянцевая,15000,20.6 x 13.2 x 3,,341
899976,2518165,9785699845538,Емец Д.,16+,2016,0,Эксмо,352,Таня Гроттер и локон Афродиты,,,,0,Таня Гроттер. Легендарное детское фэнтези,Твердая бумажная,3000,21.6 x 14.3 x 2,,368
901916,2519960,9785170969654,Фрай М.,18+,2016,1,АСТ,1200,Вселенная Ехо. Том 2,,,,5,,Твердая бумажная,3000,26.3 x 20.4 x 5.8,,1252
906001,2524302,9785170980888,Фрай М.,18+,2016,7,АСТ,416,Жалобная книга,,,,4,Миры Макса Фрая,Твердая бумажная,4000,20.5 x 13 x 2.4,,356
906674,2525237,9785699845552,Емец Д.,16+,2016,2,Эксмо,384,Таня Гроттер и перстень с жемчужиной,,,,5,Таня Гроттер. Легендарное детское фэнтези,Твердая бумажная,5000,22 x 14 x 2,,327
912049,2529655,9785699845569,Емец Д.,16+,2016,1,Эксмо,400,Таня Гроттер и проклятие некромага,,,,4,Таня Гроттер. Легендарное детское фэнтези,Твердая бумажная,5000,22 x 14 x 2.1,,327
912258,2530615,9785090422543,Хантер Э.,6+,2017,2,Просвещение,351,Коты-воители. Солнечный путь,,,,5,Коты-воители,Твердая бумажная,12000,20.5 x 13 x 1.7,,304
915767,2534431,9785170988105,Фрай М.,18+,2016,2,АСТ,320,Наперsники Синея,,,,5,Миры Макса Фрая,Твердая бумажная,10000,20.6 x 13 x 1.7,,332
924480,2543534,9785170988099,Фрай М.,16+,2016,0,АСТ,384,Чуб земли,,,,0,Эксклюзивная новая классика,Мягкая бумажная,5000,18 x 11.5 x 2.7,,162
926308,2545413,9785699845583,Емец Д.,16+,2016,0,Эксмо,368,Таня Гроттер и болтливый сфинкс,,,,0,Таня Гроттер. Легендарное детское фэнтези,Твердая бумажная,4000,22 x 14 x 2,,327
928858,2546933,9785090455404,Хантер Э.,6+,2018,7,Абрис,349,Юность Грома,,,,5,Коты-воители,Твердая бумажная,12000,20.6 x 13 x 1.8,,304
928861,2546936,9785090428866,Хантер Э.,6+,2016,4,Просвещение,350,Бескрайнее озеро,,,,4,Хроники Стаи,Твердая бумажная,9000,20.6 x 12.9 x 1.9,,304
930743,2549924,9785353078968,Емец Д.,12+,2016,0,Росмэн,144,Древняя Русь. История в рассказах для школьников,,,,0,,Твердая глянцевая,7000,22.3 x 16.7 x 1.4,,259
933415,2551022,9785170999538,Фрай М.,18+,2016,1,АСТ,320,Первая линия. Рассказы и истории разных лет,,,,5,Миры Макса Фрая,Твердая бумажная,5000,20.5 x 13 x 2,,332
935126,2553726,9785090471145,Хантер Э.,,2017,5,Просвещение,315,Месть звездного луча. Разлом. В двух книгах. Книга I,,Вероника Максимова,Корчагина О.,5,Коты-воители,Твердая бумажная,12000,20.6 x 13 x 1.6,Леонид Насыров,304
936702,2555304,9785170999422,Фрай М.,16+,2016,0,АСТ,320,Властелин Морморы,,,,0,Эксклюзивная новая классика,Мягкая бумажная,4000,18 x 11.6 x 2.3,,162
938933,2557880,9785699845590,Емец Д.,16+,2016,0,Эксмо,432,Таня Гроттер и птица титанов,,,Суворова Т.,0,Таня Гроттер. Легендарное детское фэнтези,Твердая бумажная,4000,22 x 14.5 x 2.5,,327
940377,2558849,9785171003708,Фрай М.,16+,2016,5,АСТ,480,Сказки старого Вильнюса V,,,,5,,Суперобложка,10000,21 x 13.3 x 2.5,,356
949199,2566515,9785699899852,Емец Д.,12+,2017,4,Эксмо,416,Маг полуночи,,,,5,Мефодий Буслаев. Легендарное детское фэнтези,Твердая бумажная,5000,21.8 x 14.2 x 2.3,,368
950639,2567167,9785699925131,Емец Д.,6+,2017,1,Эксмо,240,Таинственный Ктототам,,,,5,Моя большая семья,Твердая бумажная,4000,21.5 x 16.5 x 1.3,,409
950640,2567168,9785699925124,Емец Д.,6+,2017,0,Эксмо,240,Таинственный Ктототам,,,,0,Моя большая семья,Твердая бумажная,5000,21.6 x 16.5 x 1.6,,409
951618,2567798,9785699899883,Емец Д.,12+,2017,3,Эксмо,416,Свиток желаний,,,,4,Мефодий Буслаев. Легендарное детское фэнтези,Твердая бумажная,5000,22 x 14.5 x 2.5,,327
951878,2568176,9785171012946,Фрай М.,18+,2017,1,АСТ,352,Вторая линия. Рассказы и истории разных лет,,,,5,Миры Макса Фрая,Твердая бумажная,5000,20.5 x 13 x 2,,77
959087,2575073,9785171014322,Фрай М.,18+,2017,0,АСТ,352,Авиамодельный кружок при школе № 6,,,,0,Миры Макса Фрая,Твердая бумажная,2000,20.7 x 13 x 2.7,,356
960491,2576264,9785171016395,Фрай М.,16+,2017,27,АСТ,384,Сундук мертвеца,,,,4,Сновидения Ехо,Твердая бумажная,30000,20.5 x 13 x 3,,356
961813,2577128,9785699899906,Емец Д.,12+,2017,1,Эксмо,384,Третий всадник мрака,,,,5,Мефодий Буслаев. Легендарное детское фэнтези,Твердая бумажная,5000,21.8 x 14.4 x 2.2,,327
966186,2580749,9785171023553,Фрай М.,18+,2017,9,АСТ,384,Так не бывает,,,,4,Миры Макса Фрая,Твердая бумажная,7000,20.5 x 13 x 2.8,,375
967444,2581615,9785699954827,Емец Д.,16+,2017,7,Эксмо,384,Седло для дракона. Школа ныряльщиков,,,Суворова Т.,4,Школа ныряльщиков (Шныр),Твердая бумажная,7000,20.6 x 13 x 2.2,,350
968804,2582361,9785699928835,Емец Д.,12+,2017,1,Эксмо,416,Билет на Лысую Гору,,,,5,Мефодий Буслаев. Легендарное детское фэнтези,Твердая бумажная,5000,22 x 14.3 x 2.4,,327
968824,2582380,9785001110583,Хантер Э.,6+,2017,2,Олма,351,Собачья гроза,,Вероника Максимова,Корчагина О.,4,Хроники Стаи,Твердая бумажная,7000,20.7 x 13.2 x 2,Леонид Насыров,304
968825,2582381,9785001110347,Хантер Э.,6+,2017,6,Олма,351,Месть звездного луча. Воссоединение. Книга II,,Вероника Максимова,Корчагина О.,5,Коты-воители,Твердая бумажная,10000,20.7 x 13.2 x 2,Леонид Насыров,304
973390,2585210,9785171022310,Фрай М.,16+,2017,10,АСТ,1184,Хроники Ехо,,,,5,,Твердая бумажная,3000,26.3 x 20.3 x 6.5,,1330
974441,2586286,9785001110057,Хантер Э.,,2017,7,Абрис,350,Коты-Воители. Первая битва,,,,4,Коты-воители,Твердая бумажная,10000,20.5 x 13 x 1.6,,304
976782,2587864,9785001110422,Хантер Э.,6+,2017,6,Олма Медиагрупп,479,Лес секретов. Бущующая стихия,,,,4,Коты-воители. Золотая коллекция,Твердая бумажная,4000,26.6 x 17.3 x 2.7,,609
976783,2587865,9785001110132,Хантер Э.,6+,2017,3,Олма Медиагрупп,492,Опасная тропа. Битва за лес,,,,5,Коты-воители. Золотая коллекция,Твердая бумажная,4000,26.6 x 17.3 x 2.7,,609
979981,2588540,9785171032807,Фрай М.,16+,2017,0,АСТ,320,Неуловимый Хабба Хэн,,,,0,Эксклюзивная новая классика,Мягкая бумажная,3500,18 x 11.5 x 2.4,,162
980081,2588816,9785171034146,Фрай М.,16+,2017,2,АСТ,320,Прокотиков,,,,5,Миры Макса Фрая,Твердая бумажная,2500,20.6 x 13 x 1.8,,332
980082,2588817,9785171038922,Фрай М.,18+,2017,4,АСТ,320,Сказки старого Вильнюса,,,,5,,Твердая бумажная,3000,20.6 x 13 x 1.8,,332
980083,2588818,9785171040123,Фрай М.,16+,2017,3,АСТ,448,Сказки старого Вильнюса III,,,,4,,Твердая бумажная,2000,20.5 x 13 x 2.5,,356
980937,2590892,9785171027773,Фрай М.,16+,2017,3,АСТ,416,Сказки старого Вильнюса II,,,,5,,Твердая бумажная,2000,20.5 x 13 x 2.5,,332
982664,2592319,9785699911554,Емец Д.,12+,2017,1,Эксмо,416,Месть валькирий,,,,5,Мефодий Буслаев. Легендарное детское фэнтези,Твердая бумажная,5000,22 x 14.5 x 2.5,,327
982684,2592427,9785001110255,Хантер Э.,6+,2017,8,Абрис,319,Сверкающая Звезда,,,,4,Коты-воители,Твердая бумажная,10000,20.6 x 13 x 1.6,,304
987656,2596351,9785171035648,Фрай М.,18+,2017,2,АСТ,544,Одна и та же книга,,,,5,Миры Макса Фрая,Твердая бумажная,4000,20.6 x 13.1 x 3.5,,395
990102,2598161,9785001110514,Хантер Э.,6+,2017,2,Абрис,318,Гроза Ежевичной Звезды. Бедствие,,Максимова Вероника,,5,Коты-воители,Твердая бумажная,10000,20.6 x 13 x 1.6,Насыров Леонид,304
991033,2598904,9785171042202,Фрай М.,18+,2017,2,АСТ,352,Сказки старого Вильнюса VI,,,,5,,Суперобложка,6000,20.5 x 13.2 x 2,,395
993386,2600330,9785699913411,Емец Д.,12+,2017,0,Эксмо,400,Тайная магия Депресняка,,,,0,Мефодий Буслаев. Легендарное детское фэнтези,Твердая бумажная,5000,22 x 14.5 x 2.3,,342
996307,2602879,9785171035693,Фрай М.,18+,2017,1,АСТ,448,Сказки и истории,,,,5,Миры Макса Фрая,Твердая бумажная,4000,20.5 x 13.1 x 2.3,,356
996817,2603427,9785699984985,Емец Д.,16+,2017,5,Эксмо,448,Цветок Трех Миров,,,,5,"Детск. Школа ныряльщиков (Шныр, новый суперпроект Д. Емца)",Твердая бумажная,7000,20.5 x 13 x 2.5,,350
996829,2603441,9785001110439,Хантер Э.,,2017,5,Абрис,319,Гроза Ежевичной Звезды. Вода и кровь,,,Корчагина О.,5,Коты-воители,Твердая бумажная,8000,20.5 x 13.2 x 1.7,,304
